-- phpMyAdmin SQL Dump
-- version 4.0.10.14
-- http://www.phpmyadmin.net
--
-- Host: localhost:3306
-- Generation Time: Aug 05, 2016 at 10:49 AM
-- Server version: 5.5.50-cll
-- PHP Version: 5.4.31

SET SQL_MODE = "NO_AUTO_VALUE_ON_ZERO";
SET time_zone = "+00:00";


/*!40101 SET @OLD_CHARACTER_SET_CLIENT=@@CHARACTER_SET_CLIENT */;
/*!40101 SET @OLD_CHARACTER_SET_RESULTS=@@CHARACTER_SET_RESULTS */;
/*!40101 SET @OLD_COLLATION_CONNECTION=@@COLLATION_CONNECTION */;
/*!40101 SET NAMES utf8 */;

--
-- Database: `regetrac_sistema`
--

-- --------------------------------------------------------

--
-- Table structure for table `baterias`
--

CREATE TABLE IF NOT EXISTS `baterias` (
  `id` int(11) NOT NULL AUTO_INCREMENT,
  `tipo` int(11) NOT NULL,
  `num_serie` varchar(255) NOT NULL,
  `ciclos_mant` int(11) NOT NULL DEFAULT '120',
  `ciclos_iniciales` int(255) NOT NULL DEFAULT '0',
  PRIMARY KEY (`id`)
) ENGINE=MyISAM  DEFAULT CHARSET=latin1 AUTO_INCREMENT=7 ;

--
-- Dumping data for table `baterias`
--

INSERT INTO `baterias` (`id`, `tipo`, `num_serie`, `ciclos_mant`, `ciclos_iniciales`) VALUES
(1, 1, 'Num 1', 120, 0),
(2, 1, 'Num 2', 120, 0),
(3, 1, 'Num 3', 120, 0),
(4, 1, 'Num 4', 120, 5),
(5, 1, 'Num 5', 120, 120),
(6, 1, 'Num 6', 120, 150);

-- --------------------------------------------------------

--
-- Table structure for table `bateriastipos`
--

CREATE TABLE IF NOT EXISTS `bateriastipos` (
  `id` int(11) NOT NULL AUTO_INCREMENT,
  `volts` int(11) NOT NULL,
  `ah` int(11) NOT NULL,
  PRIMARY KEY (`id`)
) ENGINE=MyISAM  DEFAULT CHARSET=latin1 AUTO_INCREMENT=31 ;

--
-- Dumping data for table `bateriastipos`
--

INSERT INTO `bateriastipos` (`id`, `volts`, `ah`) VALUES
(1, 36, 750),
(2, 37, 751),
(3, 38, 752),
(4, 39, 753),
(5, 40, 754),
(6, 41, 755);

-- --------------------------------------------------------

--
-- Table structure for table `bodegas`
--

CREATE TABLE IF NOT EXISTS `bodegas` (
  `id` int(11) NOT NULL AUTO_INCREMENT,
  `nombre` varchar(255) NOT NULL,
  `cg` int(11) NOT NULL,
  PRIMARY KEY (`id`),
  KEY `id` (`id`)
) ENGINE=MyISAM  DEFAULT CHARSET=latin1 AUTO_INCREMENT=8 ;

--
-- Dumping data for table `bodegas`
--

INSERT INTO `bodegas` (`id`, `nombre`, `cg`) VALUES
(1, 'A', 1),
(2, 'B', 1),
(3, 'A', 2),
(4, 'B', 2),
(6, 'C', 1),
(5, 'C', 2);

-- --------------------------------------------------------

--
-- Table structure for table `cargadores`
--

CREATE TABLE IF NOT EXISTS `cargadores` (
  `id` int(11) NOT NULL AUTO_INCREMENT,
  `nombre` varchar(255) NOT NULL,
  `tipo` int(11) NOT NULL,
  PRIMARY KEY (`id`)
) ENGINE=MyISAM  DEFAULT CHARSET=latin1 AUTO_INCREMENT=5 ;

--
-- Dumping data for table `cargadores`
--

INSERT INTO `cargadores` (`id`, `nombre`, `tipo`) VALUES
(1, 'Cargador 1', 1),
(2, 'Cargador 2', 1);

-- --------------------------------------------------------

--
-- Table structure for table `deshabilitabt`
--

CREATE TABLE IF NOT EXISTS `deshabilitabt` (
  `id` int(11) NOT NULL AUTO_INCREMENT,
  `bt` int(11) NOT NULL,
  `motivo` text NOT NULL,
  `fecha_entrada` datetime NOT NULL,
  `fecha_salida` datetime NOT NULL,
  `usuario_entrada` int(11) DEFAULT NULL,
  `usuario_salida` int(11) DEFAULT NULL,
  PRIMARY KEY (`id`)
) ENGINE=MyISAM DEFAULT CHARSET=latin1 AUTO_INCREMENT=1 ;

-- --------------------------------------------------------

--
-- Table structure for table `deshabilitacg`
--

CREATE TABLE IF NOT EXISTS `deshabilitacg` (
  `id` int(11) NOT NULL AUTO_INCREMENT,
  `cg` int(11) NOT NULL,
  `motivo` text CHARACTER SET utf8 NOT NULL,
  `fecha_entrada` datetime NOT NULL,
  `fecha_salida` datetime NOT NULL,
  `usuario_entrada` int(11) DEFAULT NULL,
  `usuario_salida` int(11) DEFAULT NULL,
  PRIMARY KEY (`id`)
) ENGINE=MyISAM DEFAULT CHARSET=latin1 AUTO_INCREMENT=1 ;

-- --------------------------------------------------------

--
-- Table structure for table `deshabilitamc`
--

CREATE TABLE IF NOT EXISTS `deshabilitamc` (
  `id` int(11) NOT NULL AUTO_INCREMENT,
  `mc` int(11) NOT NULL,
  `motivo` text CHARACTER SET utf8 NOT NULL,
  `fecha_entrada` datetime NOT NULL,
  `fecha_salida` datetime NOT NULL,
  `usuario_entrada` int(11) DEFAULT NULL,
  `usuario_salida` int(11) DEFAULT NULL,
  PRIMARY KEY (`id`)
) ENGINE=MyISAM DEFAULT CHARSET=latin1 AUTO_INCREMENT=1 ;

-- --------------------------------------------------------

--
-- Table structure for table `montacargas`
--

CREATE TABLE IF NOT EXISTS `montacargas` (
  `id` int(11) NOT NULL AUTO_INCREMENT,
  `nombre` varchar(45) NOT NULL,
  `modelo` varchar(45) NOT NULL,
  `tipo` varchar(45) NOT NULL,
  `ciclos_mant` int(11) DEFAULT NULL,
  `ciclos_iniciales` int(11) DEFAULT NULL,
  PRIMARY KEY (`id`)
) ENGINE=MyISAM  DEFAULT CHARSET=latin1 AUTO_INCREMENT=63 ;

--
-- Dumping data for table `montacargas`
--

INSERT INTO `montacargas` (`id`, `nombre`, `modelo`, `tipo`, `ciclos_mant`, `ciclos_iniciales`) VALUES
(1, 'MC1', 'Audi', '1', 200, 20),
(2, 'MC2', 'Renault', '1', 200, 10),
(3, 'MC3', 'Patito', '1', 200, 33);

-- --------------------------------------------------------

--
-- Table structure for table `uc_configuration`
--

CREATE TABLE IF NOT EXISTS `uc_configuration` (
  `id` int(11) NOT NULL AUTO_INCREMENT,
  `name` varchar(150) NOT NULL,
  `value` varchar(150) NOT NULL,
  PRIMARY KEY (`id`)
) ENGINE=InnoDB  DEFAULT CHARSET=utf8 AUTO_INCREMENT=8 ;

--
-- Dumping data for table `uc_configuration`
--

INSERT INTO `uc_configuration` (`id`, `name`, `value`) VALUES
(1, 'website_name', 'Regetrack'),
(2, 'website_url', 'http://v2.regetrack.com'),
(3, 'email', 'soporte@treebes.com'),
(4, 'activation', 'false'),
(5, 'resend_activation_threshold', '0'),
(6, 'language', 'models/languages/en.php'),
(7, 'template', 'models/site-templates/default.css');

-- --------------------------------------------------------

--
-- Table structure for table `uc_pages`
--

CREATE TABLE IF NOT EXISTS `uc_pages` (
  `id` int(11) NOT NULL AUTO_INCREMENT,
  `page` varchar(150) NOT NULL,
  `private` tinyint(1) NOT NULL DEFAULT '0',
  PRIMARY KEY (`id`)
) ENGINE=InnoDB  DEFAULT CHARSET=latin1 AUTO_INCREMENT=50 ;

--
-- Dumping data for table `uc_pages`
--

INSERT INTO `uc_pages` (`id`, `page`, `private`) VALUES
(1, 'account.php', 1),
(2, 'activate-account.php', 0),
(3, 'admin_configuration.php', 1),
(4, 'admin_page.php', 1),
(5, 'admin_pages.php', 1),
(6, 'admin_permission.php', 1),
(7, 'admin_permissions.php', 1),
(8, 'admin_user.php', 1),
(9, 'admin_users.php', 1),
(10, 'forgot-password.php', 0),
(11, 'index.php', 0),
(12, 'left-nav.php', 0),
(13, 'login.php', 0),
(14, 'logout.php', 1),
(15, 'register.php', 0),
(16, 'resend-activation.php', 0),
(17, 'user_settings.php', 1),
(18, 'montacargas.php', 1),
(20, 'baterias.php', 1),
(21, 'bateriastipos.php', 1),
(22, 'editamontacargas.php', 0),
(23, 'camara.php', 0),
(24, 'sistema.php', 1),
(25, 'bodegas.php', 1),
(26, 'cargadores.php', 1),
(27, 'colocaBateriaEnBodega.php', 0),
(28, 'ponBateriaEnMC.php', 0),
(29, 'resetea.php', 0),
(30, 'tablero.php', 0),
(31, 'escanear.php', 0),
(32, 'deshabilitamc.php', 0),
(33, 'deshabilitabt.php', 0),
(34, 'deshabilitacg.php', 0),
(35, 'busca.php', 0),
(36, 'restaura.php', 0),
(37, 'callbackstr.php', 0),
(38, 'conf.php', 0),
(39, 'data.php', 0),
(40, 'edit.php', 0),
(41, 'export.php', 0),
(42, 'masterdetail.php', 0),
(43, 'phpGrid.php', 0),
(44, 'reportes.php', 0),
(45, 'subgrid.php', 0),
(46, 'tablero2.php', 0),
(47, 'tablero_old.php', 0),
(48, 'ponBateriaEnCarga.php', 0),
(49, 'ponBateriaEnDescanso.php', 0);

-- --------------------------------------------------------

--
-- Table structure for table `uc_permissions`
--

CREATE TABLE IF NOT EXISTS `uc_permissions` (
  `id` int(11) NOT NULL AUTO_INCREMENT,
  `name` varchar(150) NOT NULL,
  PRIMARY KEY (`id`)
) ENGINE=InnoDB  DEFAULT CHARSET=utf8 AUTO_INCREMENT=4 ;

--
-- Dumping data for table `uc_permissions`
--

INSERT INTO `uc_permissions` (`id`, `name`) VALUES
(1, 'Supervisor'),
(2, 'Administrator'),
(3, 'Operador');

-- --------------------------------------------------------

--
-- Table structure for table `uc_permission_page_matches`
--

CREATE TABLE IF NOT EXISTS `uc_permission_page_matches` (
  `id` int(11) NOT NULL AUTO_INCREMENT,
  `permission_id` int(11) NOT NULL,
  `page_id` int(11) NOT NULL,
  PRIMARY KEY (`id`)
) ENGINE=InnoDB  DEFAULT CHARSET=latin1 AUTO_INCREMENT=37 ;

--
-- Dumping data for table `uc_permission_page_matches`
--

INSERT INTO `uc_permission_page_matches` (`id`, `permission_id`, `page_id`) VALUES
(1, 1, 1),
(2, 1, 14),
(3, 1, 17),
(4, 2, 1),
(5, 2, 3),
(6, 2, 4),
(7, 2, 5),
(8, 2, 6),
(9, 2, 7),
(10, 2, 8),
(11, 2, 9),
(12, 2, 14),
(13, 2, 17),
(14, 2, 18),
(15, 2, 21),
(16, 2, 20),
(17, 2, 24),
(18, 1, 30),
(19, 2, 30),
(20, 2, 31),
(21, 2, 32),
(22, 2, 33),
(23, 2, 34),
(24, 3, 14),
(25, 3, 17),
(26, 3, 18),
(27, 3, 20),
(28, 3, 21),
(29, 3, 24),
(30, 2, 25),
(31, 2, 26),
(32, 1, 18),
(33, 1, 20),
(34, 1, 25),
(35, 1, 24),
(36, 1, 26);

-- --------------------------------------------------------

--
-- Table structure for table `uc_users`
--

CREATE TABLE IF NOT EXISTS `uc_users` (
  `id` int(11) NOT NULL AUTO_INCREMENT,
  `user_name` varchar(50) NOT NULL,
  `display_name` varchar(50) NOT NULL,
  `password` varchar(225) NOT NULL,
  `email` varchar(150) NOT NULL,
  `activation_token` varchar(225) NOT NULL,
  `last_activation_request` int(11) NOT NULL,
  `lost_password_request` tinyint(1) NOT NULL,
  `active` tinyint(1) NOT NULL,
  `title` varchar(150) NOT NULL,
  `sign_up_stamp` int(11) NOT NULL,
  `last_sign_in_stamp` int(11) NOT NULL,
  PRIMARY KEY (`id`)
) ENGINE=InnoDB  DEFAULT CHARSET=utf8 AUTO_INCREMENT=4 ;

--
-- Dumping data for table `uc_users`
--

INSERT INTO `uc_users` (`id`, `user_name`, `display_name`, `password`, `email`, `activation_token`, `last_activation_request`, `lost_password_request`, `active`, `title`, `sign_up_stamp`, `last_sign_in_stamp`) VALUES
(1, 'admin', 'admin', 'c1351783d7af9636255bc639b28cfe00b4839cc8aaa0c9c2d5d559a4f416f8744', 'soporte@treebes.com', 'ef6d7af021a62b284efd74bda3b3713c', 1457998059, 0, 1, 'New Member', 1457998059, 1470409961),
(2, 'usuario', 'Operador', 'b28d3c023d53f60fb665e0f08b9dd7fef7309f591497cf0894d20c4cdb6867513', 'leon@treebes.com', '2b0922d540897007d27f51a5af6cca02', 1464287729, 0, 1, 'Operador', 1464287729, 1470409932),
(3, 'supervisor', 'supervisor', 'b8b51e380cd8d70ab70604da4a0b9d469e1dda4a60fdd6e4e966291fc85fd3a3a', 'juan@treebes.com', '69751dccab6cc14d823f28c72627cbe1', 1468632091, 0, 1, 'New Member', 1468632091, 1470174931);

-- --------------------------------------------------------

--
-- Table structure for table `uc_user_permission_matches`
--

CREATE TABLE IF NOT EXISTS `uc_user_permission_matches` (
  `id` int(11) NOT NULL AUTO_INCREMENT,
  `user_id` int(11) NOT NULL,
  `permission_id` int(11) NOT NULL,
  PRIMARY KEY (`id`)
) ENGINE=InnoDB  DEFAULT CHARSET=utf8 AUTO_INCREMENT=6 ;

--
-- Dumping data for table `uc_user_permission_matches`
--

INSERT INTO `uc_user_permission_matches` (`id`, `user_id`, `permission_id`) VALUES
(1, 1, 2),
(4, 2, 3),
(5, 3, 1);

-- --------------------------------------------------------

--
-- Table structure for table `uso_baterias_bodega`
--

CREATE TABLE IF NOT EXISTS `uso_baterias_bodega` (
  `id` int(11) NOT NULL AUTO_INCREMENT,
  `bg` int(11) NOT NULL,
  `bt` int(11) NOT NULL,
  `fecha_entrada` datetime DEFAULT NULL,
  `fecha_carga` datetime NOT NULL,
  `fecha_descanso` datetime NOT NULL,
  `fecha_salida` datetime DEFAULT NULL,
  `usuario_entrada` int(11) DEFAULT NULL,
  `usuario_carga` int(11) DEFAULT NULL,
  `usuario_descanso` int(11) DEFAULT NULL,
  `usuario_salida` int(11) DEFAULT NULL,
  PRIMARY KEY (`id`)
) ENGINE=MyISAM  DEFAULT CHARSET=latin1 AUTO_INCREMENT=569 ;

--
-- Dumping data for table `uso_baterias_bodega`
--

INSERT INTO `uso_baterias_bodega` (`id`, `bg`, `bt`, `fecha_entrada`, `fecha_carga`, `fecha_descanso`, `fecha_salida`, `usuario_entrada`, `usuario_carga`, `usuario_descanso`, `usuario_salida`) VALUES
(1, 1, 5, '2016-06-28 00:39:56', '2016-06-28 00:39:56', '2016-06-28 07:01:07', '2016-06-28 16:15:19', 1, NULL, NULL, NULL),
(2, 2, 5, '2016-06-28 02:24:10', '2016-06-28 02:24:10', '2016-06-28 10:06:12', '2016-06-28 16:58:51', 1, NULL, NULL, NULL),
(3, 1, 5, '2016-06-25 15:50:41', '2016-06-25 15:50:41', '2016-06-25 23:01:58', '2016-06-26 05:45:44', 1, 1, 1, 1),
(4, 2, 4, '2016-06-25 15:50:41', '2016-06-25 15:50:41', '2016-06-25 22:42:25', '2016-06-26 06:50:34', 1, 1, 1, 1),
(5, 5, 5, '2016-06-28 03:22:18', '2016-06-28 03:22:18', '2016-06-28 10:57:54', '2016-06-28 17:52:12', 1, NULL, NULL, NULL),
(6, 3, 1, '2016-06-25 15:50:41', '2016-06-25 15:50:41', '2016-06-25 15:50:41', '2016-06-25 22:39:50', 1, 1, 1, 1),
(7, 6, 5, '2016-06-28 04:24:19', '2016-06-28 04:24:19', '2016-06-28 14:22:41', '2016-06-28 21:01:22', 1, NULL, NULL, NULL),
(8, 4, 3, '2016-06-25 15:50:41', '2016-06-25 15:50:41', '2016-06-25 15:50:41', '2016-06-25 15:50:41', 1, 1, 1, 1),
(9, 5, 6, '2016-06-25 15:50:41', '2016-06-25 15:50:41', '2016-06-25 15:50:41', '2016-06-25 15:50:41', 1, 1, 1, 1),
(10, 6, 2, '2016-06-25 15:50:41', '2016-06-25 15:50:41', '2016-06-25 22:29:40', '2016-06-26 05:33:21', 1, 1, 1, 1),
(11, 4, 5, '2016-06-28 00:47:06', '2016-06-28 00:47:06', '2016-06-28 10:34:17', '2016-06-28 19:16:51', 1, NULL, NULL, NULL),
(12, 4, 5, '2016-06-28 01:02:47', '2016-06-28 01:02:47', '2016-06-28 07:35:51', '2016-06-28 14:47:53', 1, NULL, NULL, NULL),
(13, 5, 3, '2016-06-26 01:32:13', '2016-06-26 01:32:13', '2016-06-26 09:17:45', '2016-06-26 15:51:29', 1, NULL, NULL, NULL),
(14, 5, 3, '2016-06-25 22:04:33', '2016-06-25 22:04:33', '2016-06-26 04:44:47', '2016-06-26 14:25:45', 1, NULL, NULL, NULL),
(15, 0, 6, '2016-06-25 23:42:15', '2016-06-25 23:42:15', '2016-06-26 08:03:54', '2016-06-26 15:15:24', 1, NULL, NULL, NULL),
(16, 4, 1, '2016-06-26 09:07:57', '2016-06-26 09:07:57', '2016-06-26 15:54:15', '2016-06-27 01:47:05', 1, NULL, NULL, NULL),
(17, 4, 5, '2016-06-28 21:42:13', '2016-06-28 21:42:13', '2016-06-29 04:25:12', '2016-06-29 13:39:51', 1, NULL, NULL, NULL),
(18, 5, 5, '2016-06-28 19:16:53', '2016-06-28 19:16:53', '2016-06-29 04:56:23', '2016-06-29 12:45:44', 1, NULL, NULL, NULL),
(19, 2, 5, '2016-06-29 04:03:36', '2016-06-29 04:03:36', '2016-06-29 12:48:25', '2016-06-29 20:09:23', 1, NULL, NULL, NULL),
(20, 4, 2, '2016-06-26 13:43:43', '2016-06-26 13:43:43', '2016-06-26 21:39:22', '2016-06-27 03:42:08', 1, NULL, NULL, NULL),
(21, 1, 5, '2016-06-29 00:49:28', '2016-06-29 00:49:28', '2016-06-29 08:00:01', '2016-06-29 17:25:04', 1, NULL, NULL, NULL),
(22, 1, 5, '2016-06-29 09:12:49', '2016-06-29 09:12:49', '2016-06-29 15:30:53', '2016-06-29 23:30:30', 1, NULL, NULL, NULL),
(23, 3, 5, '2016-06-29 06:23:10', '2016-06-29 06:23:10', '2016-06-29 13:08:03', '2016-06-29 20:28:01', 1, NULL, NULL, NULL),
(24, 6, 3, '2016-06-27 00:21:28', '2016-06-27 00:21:28', '2016-06-27 08:59:06', '2016-06-27 17:15:48', 1, NULL, NULL, NULL),
(25, 4, 5, '2016-06-29 00:39:08', '2016-06-29 00:39:08', '2016-06-29 09:52:05', '2016-06-29 16:56:13', 1, NULL, NULL, NULL),
(26, 2, 1, '2016-06-27 06:20:56', '2016-06-27 06:20:56', '2016-06-27 15:49:30', '2016-06-27 22:45:26', 1, NULL, NULL, NULL),
(27, 5, 5, '2016-06-29 19:20:29', '2016-06-29 19:20:29', '2016-06-30 01:28:04', '2016-06-30 10:18:28', 1, NULL, NULL, NULL),
(28, 1, 2, '2016-06-27 14:31:15', '2016-06-27 14:31:15', '2016-06-27 20:31:34', '2016-06-28 04:41:13', 1, NULL, NULL, NULL),
(29, 1, 2, '2016-06-27 11:52:46', '2016-06-27 11:52:46', '2016-06-27 21:05:57', '2016-06-28 03:32:30', 1, NULL, NULL, NULL),
(30, 1, 5, '2016-06-29 22:55:58', '2016-06-29 22:55:58', '2016-06-30 06:48:43', '2016-06-30 13:46:11', 1, NULL, NULL, NULL),
(31, 1, 5, '2016-06-29 23:33:14', '2016-06-29 23:33:14', '2016-06-30 08:40:13', '2016-06-30 18:30:08', 1, NULL, NULL, NULL),
(32, 6, 5, '2016-06-30 06:56:05', '2016-06-30 06:56:05', '2016-06-30 13:30:36', '2016-06-30 22:14:40', 1, NULL, NULL, NULL),
(33, 6, 5, '2016-06-30 09:55:06', '2016-06-30 09:55:06', '2016-06-30 17:07:20', '2016-06-30 23:37:19', 1, NULL, NULL, NULL),
(34, 1, 3, '2016-06-28 01:35:35', '2016-06-28 01:35:35', '2016-06-28 08:52:35', '2016-06-28 16:46:13', 1, NULL, NULL, NULL),
(35, 1, 3, '2016-06-28 01:58:53', '2016-06-28 01:58:53', '2016-06-28 08:09:05', '2016-06-28 15:09:16', 1, NULL, NULL, NULL),
(36, 2, 3, '2016-06-28 03:11:54', '2016-06-28 03:11:54', '2016-06-28 10:10:08', '2016-06-28 19:46:26', 1, NULL, NULL, NULL),
(37, 2, 3, '2016-06-28 02:00:10', '2016-06-28 02:00:10', '2016-06-28 11:19:05', '2016-06-28 19:49:13', 1, NULL, NULL, NULL),
(38, 1, 1, '2016-06-28 10:22:52', '2016-06-28 10:22:52', '2016-06-28 17:12:38', '2016-06-29 03:11:56', 1, NULL, NULL, NULL),
(39, 1, 5, '2016-06-30 17:31:58', '2016-06-30 17:31:58', '2016-07-01 01:48:09', '2016-07-01 10:26:46', 1, NULL, NULL, NULL),
(40, 2, 1, '2016-06-28 08:55:13', '2016-06-28 08:55:13', '2016-06-28 16:09:11', '2016-06-29 01:47:57', 1, NULL, NULL, NULL),
(41, 1, 2, '2016-06-28 09:52:24', '2016-06-28 09:52:24', '2016-06-28 19:47:40', '2016-06-29 04:04:52', 1, NULL, NULL, NULL),
(42, 2, 5, '2016-06-30 20:58:48', '2016-06-30 20:58:48', '2016-07-01 06:00:46', '2016-07-01 15:54:13', 1, NULL, NULL, NULL),
(43, 5, 5, '2016-07-01 00:46:11', '2016-07-01 00:46:11', '2016-07-01 08:22:10', '2016-07-01 17:38:41', 1, NULL, NULL, NULL),
(44, 6, 5, '2016-06-30 21:51:05', '2016-06-30 21:51:05', '2016-07-01 05:14:40', '2016-07-01 14:25:28', 1, NULL, NULL, NULL),
(45, 1, 5, '2016-07-01 09:17:07', '2016-07-01 09:17:07', '2016-07-01 18:13:12', '2016-07-02 01:32:27', 1, NULL, NULL, NULL),
(46, 1, 3, '2016-06-28 21:47:28', '2016-06-28 21:47:28', '2016-06-29 06:35:42', '2016-06-29 13:16:35', 1, NULL, NULL, NULL),
(47, 2, 3, '2016-06-29 03:37:43', '2016-06-29 03:37:43', '2016-06-29 13:35:51', '2016-06-29 19:42:08', 1, NULL, NULL, NULL),
(48, 6, 3, '2016-06-29 03:33:52', '2016-06-29 03:33:52', '2016-06-29 09:44:10', '2016-06-29 18:36:35', 1, NULL, NULL, NULL),
(49, 1, 1, '2016-06-29 09:16:30', '2016-06-29 09:16:30', '2016-06-29 18:49:57', '2016-06-30 02:56:51', 1, NULL, NULL, NULL),
(50, 2, 5, '2016-07-01 18:30:18', '2016-07-01 18:30:18', '2016-07-02 02:46:50', '2016-07-02 12:08:25', 1, NULL, NULL, NULL),
(51, 1, 5, '2016-07-01 22:41:39', '2016-07-01 22:41:39', '2016-07-02 05:29:12', '2016-07-02 11:35:44', 1, NULL, NULL, NULL),
(52, 1, 5, '2016-07-01 22:38:19', '2016-07-01 22:38:19', '2016-07-02 05:40:55', '2016-07-02 14:01:10', 1, NULL, NULL, NULL),
(53, 1, 5, '2016-07-01 22:10:11', '2016-07-01 22:10:11', '2016-07-02 04:23:08', '2016-07-02 12:29:47', 1, NULL, NULL, NULL),
(54, 1, 3, '2016-06-30 01:20:20', '2016-06-30 01:20:20', '2016-06-30 07:42:56', '2016-06-30 14:59:41', 1, NULL, NULL, NULL),
(55, 2, 3, '2016-06-29 21:08:42', '2016-06-29 21:08:42', '2016-06-30 04:11:37', '2016-06-30 12:36:40', 1, NULL, NULL, NULL),
(56, 5, 3, '2016-06-30 04:21:54', '2016-06-30 04:21:54', '2016-06-30 14:02:04', '2016-06-30 20:04:53', 1, NULL, NULL, NULL),
(57, 1, 3, '2016-06-30 06:42:01', '2016-06-30 06:42:01', '2016-06-30 15:30:22', '2016-06-30 21:52:51', 1, NULL, NULL, NULL),
(58, 3, 3, '2016-06-30 04:38:52', '2016-06-30 04:38:52', '2016-06-30 13:02:15', '2016-06-30 19:54:35', 1, NULL, NULL, NULL),
(59, 2, 3, '2016-06-30 07:18:05', '2016-06-30 07:18:05', '2016-06-30 14:17:42', '2016-06-30 22:35:14', 1, NULL, NULL, NULL),
(60, 6, 3, '2016-06-30 04:58:01', '2016-06-30 04:58:01', '2016-06-30 14:50:19', '2016-06-30 23:01:11', 1, NULL, NULL, NULL),
(61, 2, 1, '2016-06-30 13:43:58', '2016-06-30 13:43:58', '2016-06-30 20:00:18', '2016-07-01 04:31:37', 1, NULL, NULL, NULL),
(62, 6, 5, '2016-07-02 17:48:38', '2016-07-02 17:48:38', '2016-07-03 03:32:19', '2016-07-03 11:42:52', 1, NULL, NULL, NULL),
(63, 4, 5, '2016-07-02 20:16:30', '2016-07-02 20:16:30', '2016-07-03 02:53:19', '2016-07-03 11:55:19', 1, NULL, NULL, NULL),
(64, 2, 1, '2016-06-30 10:46:31', '2016-06-30 10:46:31', '2016-06-30 17:09:28', '2016-07-01 02:01:04', 1, NULL, NULL, NULL),
(65, 6, 5, '2016-07-02 18:30:12', '2016-07-02 18:30:12', '2016-07-03 01:16:29', '2016-07-03 08:06:46', 1, NULL, NULL, NULL),
(66, 4, 5, '2016-07-02 19:43:37', '2016-07-02 19:43:37', '2016-07-03 02:58:55', '2016-07-03 09:01:32', 1, NULL, NULL, NULL),
(67, 2, 1, '2016-06-30 10:34:24', '2016-06-30 10:34:24', '2016-06-30 18:43:22', '2016-07-01 03:23:53', 1, NULL, NULL, NULL),
(68, 6, 5, '2016-07-02 16:38:10', '2016-07-02 16:38:10', '2016-07-02 22:57:18', '2016-07-03 06:22:54', 1, NULL, NULL, NULL),
(69, 4, 5, '2016-07-02 20:42:33', '2016-07-02 20:42:33', '2016-07-03 06:32:25', '2016-07-03 13:59:33', 1, NULL, NULL, NULL),
(70, 6, 5, '2016-07-02 17:18:53', '2016-07-02 17:18:53', '2016-07-03 02:56:35', '2016-07-03 11:42:58', 1, NULL, NULL, NULL),
(71, 4, 3, '2016-06-30 22:02:31', '2016-06-30 22:02:31', '2016-07-01 07:06:09', '2016-07-01 15:14:18', 1, NULL, NULL, NULL),
(72, 1, 3, '2016-07-01 07:18:46', '2016-07-01 07:18:46', '2016-07-01 14:01:05', '2016-07-01 21:38:22', 1, NULL, NULL, NULL),
(73, 1, 3, '2016-07-01 07:16:42', '2016-07-01 07:16:42', '2016-07-01 15:42:17', '2016-07-01 23:11:35', 1, NULL, NULL, NULL),
(74, 1, 3, '2016-07-01 09:12:39', '2016-07-01 09:12:39', '2016-07-01 19:08:45', '2016-07-02 04:42:42', 1, NULL, NULL, NULL),
(75, 5, 3, '2016-07-01 05:44:59', '2016-07-01 05:44:59', '2016-07-01 12:02:47', '2016-07-01 21:13:14', 1, NULL, NULL, NULL),
(76, 5, 3, '2016-07-01 06:04:03', '2016-07-01 06:04:03', '2016-07-01 12:29:03', '2016-07-01 19:51:52', 1, NULL, NULL, NULL),
(77, 1, 3, '2016-07-01 09:05:26', '2016-07-01 09:05:26', '2016-07-01 15:35:35', '2016-07-02 00:07:55', 1, NULL, NULL, NULL),
(78, 6, 3, '2016-07-01 05:00:51', '2016-07-01 05:00:51', '2016-07-01 14:43:40', '2016-07-01 21:43:33', 1, NULL, NULL, NULL),
(79, 6, 3, '2016-07-01 06:03:28', '2016-07-01 06:03:28', '2016-07-01 13:15:26', '2016-07-01 21:13:50', 1, NULL, NULL, NULL),
(80, 5, 3, '2016-07-01 04:00:53', '2016-07-01 04:00:53', '2016-07-01 12:06:37', '2016-07-01 20:48:04', 1, NULL, NULL, NULL),
(81, 6, 3, '2016-07-01 04:35:03', '2016-07-01 04:35:03', '2016-07-01 10:41:57', '2016-07-01 17:20:07', 1, NULL, NULL, NULL),
(82, 1, 1, '2016-07-01 12:44:24', '2016-07-01 12:44:24', '2016-07-01 18:52:46', '2016-07-02 03:54:16', 1, NULL, NULL, NULL),
(83, 1, 1, '2016-07-01 12:23:40', '2016-07-01 12:23:40', '2016-07-01 21:46:28', '2016-07-02 04:56:14', 1, NULL, NULL, NULL),
(84, 1, 1, '2016-07-01 12:03:48', '2016-07-01 12:03:48', '2016-07-01 21:00:43', '2016-07-02 05:53:18', 1, NULL, NULL, NULL),
(85, 6, 1, '2016-07-01 10:24:50', '2016-07-01 10:24:50', '2016-07-01 18:18:54', '2016-07-02 03:05:37', 1, NULL, NULL, NULL),
(86, 6, 1, '2016-07-01 10:14:25', '2016-07-01 10:14:25', '2016-07-01 19:57:23', '2016-07-02 04:57:28', 1, NULL, NULL, NULL),
(87, 6, 1, '2016-07-01 14:01:09', '2016-07-01 14:01:09', '2016-07-01 21:24:09', '2016-07-02 05:08:03', 1, NULL, NULL, NULL),
(88, 4, 5, '2016-07-03 18:48:13', '2016-07-03 18:48:13', '2016-07-04 04:36:08', '2016-07-04 14:21:13', 1, NULL, NULL, NULL),
(89, 4, 5, '2016-07-03 18:43:27', '2016-07-03 18:43:27', '2016-07-04 03:43:40', '2016-07-04 10:48:45', 1, NULL, NULL, NULL),
(90, 4, 5, '2016-07-03 18:02:59', '2016-07-03 18:02:59', '2016-07-04 01:06:05', '2016-07-04 07:45:58', 1, NULL, NULL, NULL),
(91, 1, 1, '2016-07-01 11:05:32', '2016-07-01 11:05:32', '2016-07-01 19:52:32', '2016-07-02 05:51:40', 1, NULL, NULL, NULL),
(92, 1, 1, '2016-07-01 12:22:15', '2016-07-01 12:22:15', '2016-07-01 19:24:22', '2016-07-02 02:59:37', 1, NULL, NULL, NULL),
(93, 1, 1, '2016-07-01 10:42:10', '2016-07-01 10:42:10', '2016-07-01 19:27:06', '2016-07-02 05:02:59', 1, NULL, NULL, NULL),
(94, 6, 1, '2016-07-01 11:26:25', '2016-07-01 11:26:25', '2016-07-01 18:59:05', '2016-07-02 02:13:03', 1, NULL, NULL, NULL),
(95, 6, 1, '2016-07-01 08:59:08', '2016-07-01 08:59:08', '2016-07-01 16:59:33', '2016-07-02 03:00:06', 1, NULL, NULL, NULL),
(96, 6, 1, '2016-07-01 09:19:55', '2016-07-01 09:19:55', '2016-07-01 19:14:10', '2016-07-02 01:20:30', 1, NULL, NULL, NULL),
(97, 4, 5, '2016-07-03 15:55:07', '2016-07-03 15:55:07', '2016-07-03 22:16:21', '2016-07-04 06:45:21', 1, NULL, NULL, NULL),
(98, 4, 5, '2016-07-03 17:01:16', '2016-07-03 17:01:16', '2016-07-03 23:32:17', '2016-07-04 06:08:37', 1, NULL, NULL, NULL),
(99, 4, 5, '2016-07-03 17:32:30', '2016-07-03 17:32:30', '2016-07-04 03:11:34', '2016-07-04 09:24:37', 1, NULL, NULL, NULL),
(100, 5, 1, '2016-07-01 09:20:49', '2016-07-01 09:20:49', '2016-07-01 16:49:19', '2016-07-02 00:02:11', 1, NULL, NULL, NULL),
(101, 5, 1, '2016-07-01 06:26:11', '2016-07-01 06:26:11', '2016-07-01 16:17:54', '2016-07-01 22:39:00', 1, NULL, NULL, NULL),
(102, 5, 1, '2016-07-01 08:02:07', '2016-07-01 08:02:07', '2016-07-01 15:43:12', '2016-07-01 22:14:33', 1, NULL, NULL, NULL),
(103, 6, 5, '2016-07-03 18:54:05', '2016-07-03 18:54:05', '2016-07-04 04:38:19', '2016-07-04 14:39:18', 1, NULL, NULL, NULL),
(104, 6, 5, '2016-07-03 19:43:25', '2016-07-03 19:43:25', '2016-07-04 04:53:27', '2016-07-04 12:54:31', 1, NULL, NULL, NULL),
(105, 6, 5, '2016-07-03 19:33:06', '2016-07-03 19:33:06', '2016-07-04 02:49:37', '2016-07-04 08:54:29', 1, NULL, NULL, NULL),
(106, 2, 5, '2016-07-03 22:12:34', '2016-07-03 22:12:34', '2016-07-04 04:16:08', '2016-07-04 10:24:04', 1, NULL, NULL, NULL),
(107, 2, 5, '2016-07-03 19:31:46', '2016-07-03 19:31:46', '2016-07-04 05:16:02', '2016-07-04 13:50:45', 1, NULL, NULL, NULL),
(108, 1, 5, '2016-07-03 19:01:17', '2016-07-03 19:01:17', '2016-07-04 03:43:08', '2016-07-04 11:57:26', 1, NULL, NULL, NULL),
(109, 1, 5, '2016-07-03 18:25:32', '2016-07-03 18:25:32', '2016-07-04 04:22:39', '2016-07-04 12:05:43', 1, NULL, NULL, NULL),
(110, 6, 5, '2016-07-03 19:15:42', '2016-07-03 19:15:42', '2016-07-04 03:40:02', '2016-07-04 12:02:55', 1, NULL, NULL, NULL),
(111, 6, 5, '2016-07-03 20:55:39', '2016-07-03 20:55:39', '2016-07-04 05:47:26', '2016-07-04 13:47:54', 1, NULL, NULL, NULL),
(112, 4, 1, '2016-07-01 13:08:21', '2016-07-01 13:08:21', '2016-07-01 21:10:29', '2016-07-02 03:13:43', 1, NULL, NULL, NULL),
(113, 4, 1, '2016-07-01 13:00:31', '2016-07-01 13:00:31', '2016-07-01 22:49:12', '2016-07-02 08:21:39', 1, NULL, NULL, NULL),
(114, 1, 1, '2016-07-01 12:34:58', '2016-07-01 12:34:58', '2016-07-01 21:02:24', '2016-07-02 04:08:13', 1, NULL, NULL, NULL),
(115, 1, 5, '2016-07-03 15:18:35', '2016-07-03 15:18:35', '2016-07-04 00:47:31', '2016-07-04 10:36:33', 1, NULL, NULL, NULL),
(116, 6, 5, '2016-07-03 14:56:19', '2016-07-03 14:56:19', '2016-07-04 00:17:19', '2016-07-04 08:25:34', 1, NULL, NULL, NULL),
(117, 4, 5, '2016-07-03 19:34:40', '2016-07-03 19:34:40', '2016-07-04 02:44:33', '2016-07-04 12:12:18', 1, NULL, NULL, NULL),
(118, 5, 5, '2016-07-03 20:51:35', '2016-07-03 20:51:35', '2016-07-04 05:08:59', '2016-07-04 14:52:36', 1, NULL, NULL, NULL),
(119, 1, 5, '2016-07-03 20:59:32', '2016-07-03 20:59:32', '2016-07-04 03:14:56', '2016-07-04 13:03:08', 1, NULL, NULL, NULL),
(120, 1, 3, '2016-07-02 11:27:39', '2016-07-02 11:27:39', '2016-07-02 18:42:42', '2016-07-03 02:23:03', 1, NULL, NULL, NULL),
(121, 1, 3, '2016-07-02 14:02:53', '2016-07-02 14:02:53', '2016-07-02 23:56:09', '2016-07-03 08:02:13', 1, NULL, NULL, NULL),
(122, 6, 3, '2016-07-02 02:31:43', '2016-07-02 02:31:43', '2016-07-02 10:24:10', '2016-07-02 19:39:00', 1, NULL, NULL, NULL),
(123, 6, 3, '2016-07-02 05:15:46', '2016-07-02 05:15:46', '2016-07-02 11:58:53', '2016-07-02 21:26:47', 1, NULL, NULL, NULL),
(124, 4, 3, '2016-07-02 04:30:44', '2016-07-02 04:30:44', '2016-07-02 13:37:11', '2016-07-02 20:00:11', 1, NULL, NULL, NULL),
(125, 4, 3, '2016-07-02 05:12:37', '2016-07-02 05:12:37', '2016-07-02 14:43:52', '2016-07-02 23:50:03', 1, NULL, NULL, NULL),
(126, 5, 3, '2016-07-02 04:23:08', '2016-07-02 04:23:08', '2016-07-02 11:18:41', '2016-07-02 17:36:37', 1, NULL, NULL, NULL),
(127, 5, 3, '2016-07-02 05:08:23', '2016-07-02 05:08:23', '2016-07-02 14:49:58', '2016-07-02 22:22:06', 1, NULL, NULL, NULL),
(128, 1, 3, '2016-07-02 10:19:17', '2016-07-02 10:19:17', '2016-07-02 17:53:35', '2016-07-03 00:33:57', 1, NULL, NULL, NULL),
(129, 6, 3, '2016-07-02 04:04:18', '2016-07-02 04:04:18', '2016-07-02 13:17:47', '2016-07-02 22:23:38', 1, NULL, NULL, NULL),
(130, 4, 3, '2016-07-02 02:57:08', '2016-07-02 02:57:08', '2016-07-02 09:47:33', '2016-07-02 15:52:30', 1, NULL, NULL, NULL),
(131, 5, 3, '2016-07-02 04:56:25', '2016-07-02 04:56:25', '2016-07-02 14:36:15', '2016-07-03 00:26:12', 1, NULL, NULL, NULL),
(132, 1, 3, '2016-07-02 07:21:24', '2016-07-02 07:21:24', '2016-07-02 13:57:56', '2016-07-02 22:54:16', 1, NULL, NULL, NULL),
(133, 6, 3, '2016-07-02 06:44:47', '2016-07-02 06:44:47', '2016-07-02 15:14:12', '2016-07-03 00:55:43', 1, NULL, NULL, NULL),
(134, 1, 3, '2016-07-02 07:13:01', '2016-07-02 07:13:01', '2016-07-02 15:55:32', '2016-07-03 00:25:15', 1, NULL, NULL, NULL),
(135, 1, 3, '2016-07-02 09:38:46', '2016-07-02 09:38:46', '2016-07-02 16:14:09', '2016-07-02 23:22:41', 1, NULL, NULL, NULL),
(136, 1, 3, '2016-07-02 01:55:07', '2016-07-02 01:55:07', '2016-07-02 11:05:31', '2016-07-02 19:48:21', 1, NULL, NULL, NULL),
(137, 6, 1, '2016-07-02 11:38:05', '2016-07-02 11:38:05', '2016-07-02 18:45:12', '2016-07-03 04:26:31', 1, NULL, NULL, NULL),
(138, 1, 3, '2016-07-02 03:43:46', '2016-07-02 03:43:46', '2016-07-02 09:49:53', '2016-07-02 18:17:48', 1, NULL, NULL, NULL),
(139, 6, 1, '2016-07-02 11:10:40', '2016-07-02 11:10:40', '2016-07-02 19:55:04', '2016-07-03 03:57:02', 1, NULL, NULL, NULL),
(140, 1, 1, '2016-07-02 10:14:55', '2016-07-02 10:14:55', '2016-07-02 19:40:42', '2016-07-03 05:04:38', 1, NULL, NULL, NULL),
(141, 1, 1, '2016-07-02 09:40:05', '2016-07-02 09:40:05', '2016-07-02 17:11:53', '2016-07-03 00:04:05', 1, NULL, NULL, NULL),
(142, 6, 1, '2016-07-02 16:38:19', '2016-07-02 16:38:19', '2016-07-03 00:36:24', '2016-07-03 10:02:48', 1, NULL, NULL, NULL),
(143, 4, 1, '2016-07-02 11:51:18', '2016-07-02 11:51:18', '2016-07-02 21:15:21', '2016-07-03 03:22:21', 1, NULL, NULL, NULL),
(144, 6, 1, '2016-07-02 10:53:02', '2016-07-02 10:53:02', '2016-07-02 20:41:15', '2016-07-03 02:57:18', 1, NULL, NULL, NULL),
(145, 4, 1, '2016-07-02 15:04:29', '2016-07-02 15:04:29', '2016-07-03 00:09:58', '2016-07-03 07:52:59', 1, NULL, NULL, NULL),
(146, 1, 1, '2016-07-02 15:36:28', '2016-07-02 15:36:28', '2016-07-02 23:30:18', '2016-07-03 09:24:26', 1, NULL, NULL, NULL),
(147, 6, 5, '2016-07-04 22:00:50', '2016-07-04 22:00:50', '2016-07-05 07:18:15', '2016-07-05 17:02:21', 1, NULL, NULL, NULL),
(148, 4, 5, '2016-07-04 20:44:50', '2016-07-04 20:44:50', '2016-07-05 05:11:22', '2016-07-05 13:49:27', 1, NULL, NULL, NULL),
(149, 1, 1, '2016-07-02 13:50:52', '2016-07-02 13:50:52', '2016-07-02 21:24:47', '2016-07-03 06:05:56', 1, NULL, NULL, NULL),
(150, 6, 5, '2016-07-04 22:48:40', '2016-07-04 22:48:40', '2016-07-05 06:40:51', '2016-07-05 13:21:34', 1, NULL, NULL, NULL),
(151, 4, 5, '2016-07-04 20:10:23', '2016-07-04 20:10:23', '2016-07-05 05:22:59', '2016-07-05 15:00:54', 1, NULL, NULL, NULL),
(152, 1, 1, '2016-07-02 09:55:02', '2016-07-02 09:55:02', '2016-07-02 18:21:12', '2016-07-03 01:17:31', 1, NULL, NULL, NULL),
(153, 6, 1, '2016-07-02 11:40:25', '2016-07-02 11:40:25', '2016-07-02 19:30:08', '2016-07-03 01:50:55', 1, NULL, NULL, NULL),
(154, 1, 1, '2016-07-02 13:24:29', '2016-07-02 13:24:29', '2016-07-02 22:25:04', '2016-07-03 04:26:41', 1, NULL, NULL, NULL),
(155, 1, 1, '2016-07-02 10:36:30', '2016-07-02 10:36:30', '2016-07-02 18:26:56', '2016-07-03 04:14:26', 1, NULL, NULL, NULL),
(156, 6, 1, '2016-07-02 08:40:19', '2016-07-02 08:40:19', '2016-07-02 16:06:43', '2016-07-03 01:09:58', 1, NULL, NULL, NULL),
(157, 4, 1, '2016-07-02 12:11:36', '2016-07-02 12:11:36', '2016-07-02 19:21:43', '2016-07-03 03:02:14', 1, NULL, NULL, NULL),
(158, 5, 1, '2016-07-02 10:36:38', '2016-07-02 10:36:38', '2016-07-02 19:47:36', '2016-07-03 01:59:45', 1, NULL, NULL, NULL),
(159, 6, 1, '2016-07-02 06:04:10', '2016-07-02 06:04:10', '2016-07-02 14:33:06', '2016-07-02 21:33:08', 1, NULL, NULL, NULL),
(160, 1, 5, '2016-07-04 11:48:49', '2016-07-04 11:48:49', '2016-07-04 18:44:21', '2016-07-05 02:30:25', 1, NULL, NULL, NULL),
(161, 4, 1, '2016-07-02 09:24:05', '2016-07-02 09:24:05', '2016-07-02 19:13:41', '2016-07-03 02:31:19', 1, NULL, NULL, NULL),
(162, 6, 5, '2016-07-04 20:07:22', '2016-07-04 20:07:22', '2016-07-05 02:31:13', '2016-07-05 08:35:08', 1, NULL, NULL, NULL),
(163, 5, 1, '2016-07-02 11:35:35', '2016-07-02 11:35:35', '2016-07-02 20:13:51', '2016-07-03 02:18:29', 1, NULL, NULL, NULL),
(164, 1, 5, '2016-07-04 20:31:57', '2016-07-04 20:31:57', '2016-07-05 03:00:45', '2016-07-05 12:21:55', 1, NULL, NULL, NULL),
(165, 1, 1, '2016-07-02 06:50:18', '2016-07-02 06:50:18', '2016-07-02 16:04:12', '2016-07-03 01:35:51', 1, NULL, NULL, NULL),
(166, 6, 1, '2016-07-02 07:18:08', '2016-07-02 07:18:08', '2016-07-02 15:22:35', '2016-07-02 23:11:56', 1, NULL, NULL, NULL),
(167, 4, 1, '2016-07-02 05:20:07', '2016-07-02 05:20:07', '2016-07-02 14:09:29', '2016-07-02 23:42:50', 1, NULL, NULL, NULL),
(168, 5, 1, '2016-07-02 07:48:19', '2016-07-02 07:48:19', '2016-07-02 16:15:59', '2016-07-03 00:54:19', 1, NULL, NULL, NULL),
(169, 1, 1, '2016-07-02 08:34:59', '2016-07-02 08:34:59', '2016-07-02 15:10:39', '2016-07-02 21:17:05', 1, NULL, NULL, NULL),
(170, 1, 1, '2016-07-02 08:18:36', '2016-07-02 08:18:36', '2016-07-02 17:05:28', '2016-07-03 02:06:35', 1, NULL, NULL, NULL),
(171, 6, 1, '2016-07-02 09:32:18', '2016-07-02 09:32:18', '2016-07-02 16:19:16', '2016-07-02 22:42:08', 1, NULL, NULL, NULL),
(172, 6, 1, '2016-07-02 09:22:28', '2016-07-02 09:22:28', '2016-07-02 16:17:10', '2016-07-03 01:44:12', 1, NULL, NULL, NULL),
(173, 4, 1, '2016-07-02 05:14:47', '2016-07-02 05:14:47', '2016-07-02 13:57:45', '2016-07-02 22:10:02', 1, NULL, NULL, NULL),
(174, 5, 1, '2016-07-02 07:56:21', '2016-07-02 07:56:21', '2016-07-02 16:53:07', '2016-07-03 01:33:27', 1, NULL, NULL, NULL),
(175, 4, 1, '2016-07-02 04:27:04', '2016-07-02 04:27:04', '2016-07-02 14:27:43', '2016-07-03 00:00:20', 1, NULL, NULL, NULL),
(176, 5, 1, '2016-07-02 06:37:59', '2016-07-02 06:37:59', '2016-07-02 12:49:57', '2016-07-02 20:44:03', 1, NULL, NULL, NULL),
(177, 1, 5, '2016-07-04 17:54:23', '2016-07-04 17:54:23', '2016-07-05 03:54:59', '2016-07-05 13:17:37', 1, NULL, NULL, NULL),
(178, 6, 5, '2016-07-04 19:26:28', '2016-07-04 19:26:28', '2016-07-05 01:55:00', '2016-07-05 08:06:22', 1, NULL, NULL, NULL),
(179, 2, 5, '2016-07-04 18:01:54', '2016-07-04 18:01:54', '2016-07-05 00:32:08', '2016-07-05 07:32:38', 1, NULL, NULL, NULL),
(180, 1, 5, '2016-07-04 21:58:58', '2016-07-04 21:58:58', '2016-07-05 05:52:31', '2016-07-05 13:51:31', 1, NULL, NULL, NULL),
(181, 1, 5, '2016-07-04 19:28:17', '2016-07-04 19:28:17', '2016-07-05 01:39:24', '2016-07-05 08:58:03', 1, NULL, NULL, NULL),
(182, 6, 1, '2016-07-02 12:23:28', '2016-07-02 12:23:28', '2016-07-02 19:05:30', '2016-07-03 04:58:34', 1, NULL, NULL, NULL),
(183, 1, 1, '2016-07-02 13:14:54', '2016-07-02 13:14:54', '2016-07-02 21:14:00', '2016-07-03 03:20:04', 1, NULL, NULL, NULL),
(184, 1, 5, '2016-07-04 18:52:04', '2016-07-04 18:52:04', '2016-07-05 01:21:51', '2016-07-05 08:06:28', 1, NULL, NULL, NULL),
(185, 6, 5, '2016-07-04 18:22:26', '2016-07-04 18:22:26', '2016-07-05 01:47:28', '2016-07-05 08:04:53', 1, NULL, NULL, NULL),
(186, 4, 5, '2016-07-04 17:27:07', '2016-07-04 17:27:07', '2016-07-05 01:29:27', '2016-07-05 10:25:18', 1, NULL, NULL, NULL),
(187, 1, 5, '2016-07-04 19:01:34', '2016-07-04 19:01:34', '2016-07-05 04:06:16', '2016-07-05 12:11:37', 1, NULL, NULL, NULL),
(188, 6, 5, '2016-07-04 18:13:16', '2016-07-04 18:13:16', '2016-07-05 02:30:46', '2016-07-05 10:27:34', 1, NULL, NULL, NULL),
(189, 4, 5, '2016-07-04 15:58:05', '2016-07-04 15:58:05', '2016-07-05 01:57:15', '2016-07-05 10:30:31', 1, NULL, NULL, NULL),
(190, 1, 3, '2016-07-03 08:11:41', '2016-07-03 08:11:41', '2016-07-03 14:22:19', '2016-07-03 23:01:50', 1, NULL, NULL, NULL),
(191, 1, 3, '2016-07-03 08:38:36', '2016-07-03 08:38:36', '2016-07-03 17:51:23', '2016-07-04 01:38:42', 1, NULL, NULL, NULL),
(192, 6, 3, '2016-07-03 15:55:54', '2016-07-03 15:55:54', '2016-07-03 23:51:29', '2016-07-04 06:13:26', 1, NULL, NULL, NULL),
(193, 6, 3, '2016-07-03 14:34:30', '2016-07-03 14:34:30', '2016-07-03 23:37:29', '2016-07-04 07:17:49', 1, NULL, NULL, NULL),
(194, 4, 3, '2016-07-03 17:26:41', '2016-07-03 17:26:41', '2016-07-04 00:16:49', '2016-07-04 08:48:55', 1, NULL, NULL, NULL),
(195, 4, 3, '2016-07-03 17:23:42', '2016-07-03 17:23:42', '2016-07-04 00:27:19', '2016-07-04 09:19:08', 1, NULL, NULL, NULL),
(196, 1, 3, '2016-07-03 09:24:39', '2016-07-03 09:24:39', '2016-07-03 15:25:19', '2016-07-04 00:10:19', 1, NULL, NULL, NULL),
(197, 6, 3, '2016-07-03 14:47:23', '2016-07-03 14:47:23', '2016-07-03 22:05:34', '2016-07-04 05:07:38', 1, NULL, NULL, NULL),
(198, 4, 3, '2016-07-03 14:01:15', '2016-07-03 14:01:15', '2016-07-03 21:11:59', '2016-07-04 06:15:34', 1, NULL, NULL, NULL),
(199, 1, 3, '2016-07-03 07:17:53', '2016-07-03 07:17:53', '2016-07-03 15:53:48', '2016-07-04 01:02:05', 1, NULL, NULL, NULL),
(200, 1, 3, '2016-07-03 07:39:38', '2016-07-03 07:39:38', '2016-07-03 16:33:55', '2016-07-04 00:27:24', 1, NULL, NULL, NULL),
(201, 6, 3, '2016-07-03 07:19:59', '2016-07-03 07:19:59', '2016-07-03 16:31:30', '2016-07-04 01:52:14', 1, NULL, NULL, NULL),
(202, 4, 3, '2016-07-03 02:58:20', '2016-07-03 02:58:20', '2016-07-03 10:42:30', '2016-07-03 18:03:48', 1, NULL, NULL, NULL),
(203, 6, 3, '2016-07-03 06:38:36', '2016-07-03 06:38:36', '2016-07-03 15:36:14', '2016-07-03 23:24:17', 1, NULL, NULL, NULL),
(204, 4, 3, '2016-07-03 00:13:22', '2016-07-03 00:13:22', '2016-07-03 06:50:18', '2016-07-03 16:29:46', 1, NULL, NULL, NULL),
(205, 1, 3, '2016-07-03 06:38:30', '2016-07-03 06:38:30', '2016-07-03 16:03:18', '2016-07-04 01:55:10', 1, NULL, NULL, NULL),
(206, 1, 3, '2016-07-03 02:24:13', '2016-07-03 02:24:13', '2016-07-03 11:33:41', '2016-07-03 17:38:39', 1, NULL, NULL, NULL),
(207, 6, 3, '2016-07-03 03:48:27', '2016-07-03 03:48:27', '2016-07-03 13:03:53', '2016-07-03 21:25:28', 1, NULL, NULL, NULL),
(208, 1, 3, '2016-07-03 05:08:57', '2016-07-03 05:08:57', '2016-07-03 14:55:50', '2016-07-03 23:39:03', 1, NULL, NULL, NULL),
(209, 1, 3, '2016-07-03 08:58:12', '2016-07-03 08:58:12', '2016-07-03 17:37:58', '2016-07-03 23:41:15', 1, NULL, NULL, NULL),
(210, 6, 3, '2016-07-03 05:01:44', '2016-07-03 05:01:44', '2016-07-03 14:14:09', '2016-07-03 21:47:04', 1, NULL, NULL, NULL),
(211, 4, 3, '2016-07-03 06:43:00', '2016-07-03 06:43:00', '2016-07-03 16:29:11', '2016-07-04 01:43:48', 1, NULL, NULL, NULL),
(212, 5, 3, '2016-07-03 07:28:32', '2016-07-03 07:28:32', '2016-07-03 13:38:51', '2016-07-03 22:52:42', 1, NULL, NULL, NULL),
(213, 6, 3, '2016-07-03 08:58:14', '2016-07-03 08:58:14', '2016-07-03 15:24:16', '2016-07-03 23:50:17', 1, NULL, NULL, NULL),
(214, 1, 3, '2016-07-03 06:09:43', '2016-07-03 06:09:43', '2016-07-03 14:38:08', '2016-07-03 22:02:29', 1, NULL, NULL, NULL),
(215, 6, 3, '2016-07-03 05:42:52', '2016-07-03 05:42:52', '2016-07-03 12:45:35', '2016-07-03 19:14:03', 1, NULL, NULL, NULL),
(216, 4, 3, '2016-07-03 05:31:33', '2016-07-03 05:31:33', '2016-07-03 13:32:07', '2016-07-03 21:12:29', 1, NULL, NULL, NULL),
(217, 5, 3, '2016-07-03 07:29:25', '2016-07-03 07:29:25', '2016-07-03 15:16:19', '2016-07-03 22:36:04', 1, NULL, NULL, NULL),
(218, 6, 3, '2016-07-03 07:44:13', '2016-07-03 07:44:13', '2016-07-03 16:55:51', '2016-07-04 01:07:28', 1, NULL, NULL, NULL),
(219, 1, 3, '2016-07-03 06:28:08', '2016-07-03 06:28:08', '2016-07-03 16:26:50', '2016-07-03 23:43:22', 1, NULL, NULL, NULL),
(220, 6, 3, '2016-07-03 07:24:38', '2016-07-03 07:24:38', '2016-07-03 14:15:48', '2016-07-03 22:19:26', 1, NULL, NULL, NULL),
(221, 1, 3, '2016-07-03 04:46:11', '2016-07-03 04:46:11', '2016-07-03 10:47:44', '2016-07-03 16:48:10', 1, NULL, NULL, NULL),
(222, 1, 3, '2016-07-03 04:19:28', '2016-07-03 04:19:28', '2016-07-03 12:22:43', '2016-07-03 19:02:29', 1, NULL, NULL, NULL),
(223, 6, 1, '2016-07-03 07:59:42', '2016-07-03 07:59:42', '2016-07-03 17:31:33', '2016-07-04 00:16:48', 1, NULL, NULL, NULL),
(224, 6, 1, '2016-07-03 09:53:39', '2016-07-03 09:53:39', '2016-07-03 17:10:20', '2016-07-04 03:07:06', 1, NULL, NULL, NULL),
(225, 1, 1, '2016-07-03 19:46:34', '2016-07-03 19:46:34', '2016-07-04 01:49:45', '2016-07-04 08:37:57', 1, NULL, NULL, NULL),
(226, 1, 1, '2016-07-03 16:06:00', '2016-07-03 16:06:00', '2016-07-04 00:45:55', '2016-07-04 07:45:08', 1, NULL, NULL, NULL),
(227, 6, 1, '2016-07-03 15:20:10', '2016-07-03 15:20:10', '2016-07-04 00:36:27', '2016-07-04 07:38:37', 1, NULL, NULL, NULL),
(228, 6, 1, '2016-07-03 13:12:01', '2016-07-03 13:12:01', '2016-07-03 23:10:58', '2016-07-04 06:24:21', 1, NULL, NULL, NULL),
(229, 1, 1, '2016-07-03 16:01:58', '2016-07-03 16:01:58', '2016-07-03 23:28:38', '2016-07-04 07:45:50', 1, NULL, NULL, NULL),
(230, 1, 1, '2016-07-03 16:23:27', '2016-07-03 16:23:27', '2016-07-04 00:05:20', '2016-07-04 07:17:01', 1, NULL, NULL, NULL),
(231, 1, 1, '2016-07-03 15:54:21', '2016-07-03 15:54:21', '2016-07-03 22:48:47', '2016-07-04 05:13:08', 1, NULL, NULL, NULL),
(232, 1, 1, '2016-07-03 15:55:53', '2016-07-03 15:55:53', '2016-07-03 22:16:53', '2016-07-04 04:23:40', 1, NULL, NULL, NULL),
(233, 6, 5, '2016-07-06 01:45:47', '2016-07-06 01:45:47', '2016-07-06 11:13:42', '2016-07-06 20:33:53', 1, NULL, NULL, NULL),
(234, 6, 5, '2016-07-06 01:32:48', '2016-07-06 01:32:48', '2016-07-06 08:54:56', '2016-07-06 15:14:52', 1, NULL, NULL, NULL),
(235, 4, 5, '2016-07-06 00:32:43', '2016-07-06 00:32:43', '2016-07-06 08:47:07', '2016-07-06 16:41:36', 1, NULL, NULL, NULL),
(236, 5, 5, '2016-07-05 20:23:13', '2016-07-05 20:23:13', '2016-07-06 03:31:21', '2016-07-06 11:57:56', 1, NULL, NULL, NULL),
(237, 4, 5, '2016-07-05 22:49:05', '2016-07-05 22:49:05', '2016-07-06 07:29:11', '2016-07-06 14:05:07', 1, NULL, NULL, NULL),
(238, 5, 5, '2016-07-05 22:40:38', '2016-07-05 22:40:38', '2016-07-06 06:07:37', '2016-07-06 12:09:18', 1, NULL, NULL, NULL),
(239, 1, 5, '2016-07-05 23:57:50', '2016-07-05 23:57:50', '2016-07-06 07:28:08', '2016-07-06 14:24:26', 1, NULL, NULL, NULL),
(240, 6, 5, '2016-07-06 00:21:04', '2016-07-06 00:21:04', '2016-07-06 09:17:53', '2016-07-06 15:53:17', 1, NULL, NULL, NULL),
(241, 4, 5, '2016-07-05 20:38:27', '2016-07-05 20:38:27', '2016-07-06 05:35:27', '2016-07-06 14:57:50', 1, NULL, NULL, NULL),
(242, 1, 5, '2016-07-05 19:37:21', '2016-07-05 19:37:21', '2016-07-06 02:45:36', '2016-07-06 12:04:12', 1, NULL, NULL, NULL),
(243, 6, 1, '2016-07-03 12:12:05', '2016-07-03 12:12:05', '2016-07-03 20:39:42', '2016-07-04 04:55:12', 1, NULL, NULL, NULL),
(244, 4, 1, '2016-07-03 14:24:40', '2016-07-03 14:24:40', '2016-07-04 00:21:08', '2016-07-04 08:31:39', 1, NULL, NULL, NULL),
(245, 1, 5, '2016-07-05 17:47:15', '2016-07-05 17:47:15', '2016-07-06 02:46:32', '2016-07-06 12:36:27', 1, NULL, NULL, NULL),
(246, 6, 1, '2016-07-03 11:40:03', '2016-07-03 11:40:03', '2016-07-03 17:45:16', '2016-07-04 02:35:15', 1, NULL, NULL, NULL),
(247, 4, 1, '2016-07-03 14:02:01', '2016-07-03 14:02:01', '2016-07-03 23:34:59', '2016-07-04 07:00:32', 1, NULL, NULL, NULL),
(248, 1, 1, '2016-07-03 08:59:57', '2016-07-03 08:59:57', '2016-07-03 18:16:33', '2016-07-04 01:29:24', 1, NULL, NULL, NULL),
(249, 1, 1, '2016-07-03 10:12:51', '2016-07-03 10:12:51', '2016-07-03 19:04:13', '2016-07-04 04:26:23', 1, NULL, NULL, NULL),
(250, 6, 1, '2016-07-03 06:47:27', '2016-07-03 06:47:27', '2016-07-03 13:34:07', '2016-07-03 23:34:54', 1, NULL, NULL, NULL),
(251, 1, 1, '2016-07-03 08:51:31', '2016-07-03 08:51:31', '2016-07-03 16:18:18', '2016-07-04 01:51:10', 1, NULL, NULL, NULL),
(252, 1, 1, '2016-07-03 05:27:34', '2016-07-03 05:27:34', '2016-07-03 12:12:17', '2016-07-03 22:05:17', 1, NULL, NULL, NULL),
(253, 1, 1, '2016-07-03 07:18:50', '2016-07-03 07:18:50', '2016-07-03 13:33:12', '2016-07-03 19:54:12', 1, NULL, NULL, NULL),
(254, 6, 5, '2016-07-05 10:47:42', '2016-07-05 10:47:42', '2016-07-05 19:25:42', '2016-07-06 03:59:27', 1, NULL, NULL, NULL),
(255, 6, 5, '2016-07-05 09:05:30', '2016-07-05 09:05:30', '2016-07-05 17:13:26', '2016-07-06 00:37:14', 1, NULL, NULL, NULL),
(256, 4, 5, '2016-07-05 10:03:53', '2016-07-05 10:03:53', '2016-07-05 16:09:51', '2016-07-05 22:24:30', 1, NULL, NULL, NULL),
(257, 4, 5, '2016-07-05 10:28:17', '2016-07-05 10:28:17', '2016-07-05 18:19:51', '2016-07-06 02:13:45', 1, NULL, NULL, NULL),
(258, 1, 5, '2016-07-05 17:04:58', '2016-07-05 17:04:58', '2016-07-05 23:43:29', '2016-07-06 06:38:34', 1, NULL, NULL, NULL),
(259, 1, 5, '2016-07-05 19:27:04', '2016-07-05 19:27:04', '2016-07-06 03:30:06', '2016-07-06 10:30:45', 1, NULL, NULL, NULL),
(260, 6, 1, '2016-07-03 06:44:33', '2016-07-03 06:44:33', '2016-07-03 16:12:41', '2016-07-04 01:33:45', 1, NULL, NULL, NULL),
(261, 4, 1, '2016-07-03 05:58:54', '2016-07-03 05:58:54', '2016-07-03 12:04:49', '2016-07-03 20:05:35', 1, NULL, NULL, NULL),
(262, 1, 1, '2016-07-03 08:37:34', '2016-07-03 08:37:34', '2016-07-03 15:21:01', '2016-07-04 01:18:28', 1, NULL, NULL, NULL),
(263, 6, 1, '2016-07-03 08:35:45', '2016-07-03 08:35:45', '2016-07-03 17:38:01', '2016-07-03 23:44:38', 1, NULL, NULL, NULL),
(264, 1, 1, '2016-07-03 04:21:17', '2016-07-03 04:21:17', '2016-07-03 10:22:29', '2016-07-03 18:04:11', 1, NULL, NULL, NULL),
(265, 1, 1, '2016-07-03 06:19:27', '2016-07-03 06:19:27', '2016-07-03 14:20:32', '2016-07-03 22:52:50', 1, NULL, NULL, NULL),
(266, 6, 1, '2016-07-03 08:17:25', '2016-07-03 08:17:25', '2016-07-03 15:44:57', '2016-07-04 01:24:46', 1, NULL, NULL, NULL),
(267, 1, 1, '2016-07-03 06:05:11', '2016-07-03 06:05:11', '2016-07-03 13:48:09', '2016-07-03 22:45:51', 1, NULL, NULL, NULL),
(268, 1, 1, '2016-07-03 08:02:14', '2016-07-03 08:02:14', '2016-07-03 17:14:42', '2016-07-04 02:36:47', 1, NULL, NULL, NULL),
(269, 6, 1, '2016-07-03 06:24:02', '2016-07-03 06:24:02', '2016-07-03 13:24:21', '2016-07-03 23:08:45', 1, NULL, NULL, NULL),
(270, 1, 5, '2016-07-05 20:44:32', '2016-07-05 20:44:32', '2016-07-06 06:42:16', '2016-07-06 13:13:56', 1, NULL, NULL, NULL),
(271, 6, 5, '2016-07-05 19:01:39', '2016-07-05 19:01:39', '2016-07-06 01:53:07', '2016-07-06 09:05:36', 1, NULL, NULL, NULL),
(272, 1, 5, '2016-07-05 20:50:06', '2016-07-05 20:50:06', '2016-07-06 03:09:02', '2016-07-06 12:37:25', 1, NULL, NULL, NULL),
(273, 4, 5, '2016-07-05 17:03:18', '2016-07-05 17:03:18', '2016-07-06 00:48:24', '2016-07-06 07:42:57', 1, NULL, NULL, NULL),
(274, 6, 5, '2016-07-05 15:27:39', '2016-07-05 15:27:39', '2016-07-05 21:39:46', '2016-07-06 04:58:32', 1, NULL, NULL, NULL),
(275, 4, 5, '2016-07-05 18:25:46', '2016-07-05 18:25:46', '2016-07-06 02:27:19', '2016-07-06 12:07:50', 1, NULL, NULL, NULL),
(276, 2, 5, '2016-07-05 19:36:08', '2016-07-05 19:36:08', '2016-07-06 02:56:46', '2016-07-06 12:09:17', 1, NULL, NULL, NULL),
(277, 2, 5, '2016-07-05 17:31:39', '2016-07-05 17:31:39', '2016-07-06 02:53:32', '2016-07-06 12:20:04', 1, NULL, NULL, NULL),
(278, 1, 5, '2016-07-05 16:38:12', '2016-07-05 16:38:12', '2016-07-05 22:44:08', '2016-07-06 07:35:05', 1, NULL, NULL, NULL),
(279, 6, 5, '2016-07-05 22:17:18', '2016-07-05 22:17:18', '2016-07-06 05:30:10', '2016-07-06 14:04:29', 1, NULL, NULL, NULL),
(280, 1, 5, '2016-07-05 19:10:03', '2016-07-05 19:10:03', '2016-07-06 02:13:46', '2016-07-06 10:49:50', 1, NULL, NULL, NULL),
(281, 6, 5, '2016-07-05 22:02:04', '2016-07-05 22:02:04', '2016-07-06 04:25:44', '2016-07-06 13:19:51', 1, NULL, NULL, NULL),
(282, 1, 5, '2016-07-05 17:15:42', '2016-07-05 17:15:42', '2016-07-05 23:57:55', '2016-07-06 07:00:17', 1, NULL, NULL, NULL),
(283, 6, 5, '2016-07-05 16:34:54', '2016-07-05 16:34:54', '2016-07-06 02:23:24', '2016-07-06 12:23:30', 1, NULL, NULL, NULL),
(284, 1, 5, '2016-07-05 17:37:19', '2016-07-05 17:37:19', '2016-07-06 03:02:10', '2016-07-06 11:07:01', 1, NULL, NULL, NULL),
(285, 4, 5, '2016-07-05 17:38:23', '2016-07-05 17:38:23', '2016-07-06 03:38:32', '2016-07-06 12:37:40', 1, NULL, NULL, NULL),
(286, 6, 5, '2016-07-05 17:24:45', '2016-07-05 17:24:45', '2016-07-06 01:58:38', '2016-07-06 11:40:34', 1, NULL, NULL, NULL),
(287, 5, 5, '2016-07-05 19:33:01', '2016-07-05 19:33:01', '2016-07-06 04:38:26', '2016-07-06 10:40:12', 1, NULL, NULL, NULL),
(288, 4, 5, '2016-07-05 15:47:01', '2016-07-05 15:47:01', '2016-07-05 23:40:18', '2016-07-06 07:09:48', 1, NULL, NULL, NULL),
(289, 5, 5, '2016-07-05 18:04:13', '2016-07-05 18:04:13', '2016-07-06 03:52:46', '2016-07-06 12:43:57', 1, NULL, NULL, NULL),
(290, 1, 5, '2016-07-05 16:06:17', '2016-07-05 16:06:17', '2016-07-05 22:45:37', '2016-07-06 06:52:05', 1, NULL, NULL, NULL),
(291, 6, 5, '2016-07-05 17:53:13', '2016-07-05 17:53:13', '2016-07-06 00:17:49', '2016-07-06 09:46:21', 1, NULL, NULL, NULL),
(292, 4, 5, '2016-07-05 18:21:35', '2016-07-05 18:21:35', '2016-07-06 01:31:42', '2016-07-06 09:22:32', 1, NULL, NULL, NULL),
(293, 1, 5, '2016-07-05 18:34:02', '2016-07-05 18:34:02', '2016-07-06 02:34:42', '2016-07-06 09:22:31', 1, NULL, NULL, NULL),
(294, 6, 5, '2016-07-05 18:46:34', '2016-07-05 18:46:34', '2016-07-06 03:42:09', '2016-07-06 11:53:54', 1, NULL, NULL, NULL),
(295, 4, 5, '2016-07-05 17:42:03', '2016-07-05 17:42:03', '2016-07-06 02:03:38', '2016-07-06 09:56:35', 1, NULL, NULL, NULL),
(296, 5, 5, '2016-07-05 19:06:34', '2016-07-05 19:06:34', '2016-07-06 03:08:15', '2016-07-06 12:34:56', 1, NULL, NULL, NULL),
(297, 1, 5, '2016-07-05 21:28:08', '2016-07-05 21:28:08', '2016-07-06 07:25:25', '2016-07-06 13:47:49', 1, NULL, NULL, NULL),
(298, 1, 5, '2016-07-05 18:39:50', '2016-07-05 18:39:50', '2016-07-06 03:36:39', '2016-07-06 09:39:28', 1, NULL, NULL, NULL),
(299, 6, 5, '2016-07-05 19:56:48', '2016-07-05 19:56:48', '2016-07-06 04:46:52', '2016-07-06 12:45:13', 1, NULL, NULL, NULL),
(300, 6, 5, '2016-07-05 19:10:36', '2016-07-05 19:10:36', '2016-07-06 04:46:02', '2016-07-06 13:42:02', 1, NULL, NULL, NULL),
(301, 4, 5, '2016-07-05 19:22:47', '2016-07-05 19:22:47', '2016-07-06 03:19:27', '2016-07-06 11:34:51', 1, NULL, NULL, NULL),
(302, 4, 5, '2016-07-05 20:52:49', '2016-07-05 20:52:49', '2016-07-06 04:34:17', '2016-07-06 11:38:04', 1, NULL, NULL, NULL),
(303, 5, 5, '2016-07-05 21:53:10', '2016-07-05 21:53:10', '2016-07-06 04:34:40', '2016-07-06 10:46:11', 1, NULL, NULL, NULL),
(304, 5, 5, '2016-07-05 21:51:34', '2016-07-05 21:51:34', '2016-07-06 05:14:00', '2016-07-06 11:34:26', 1, NULL, NULL, NULL),
(305, 1, 3, '2016-07-04 04:02:04', '2016-07-04 04:02:04', '2016-07-04 11:21:09', '2016-07-04 18:57:42', 1, NULL, NULL, NULL),
(306, 6, 3, '2016-07-04 09:04:25', '2016-07-04 09:04:25', '2016-07-04 15:28:20', '2016-07-04 23:01:36', 1, NULL, NULL, NULL),
(307, 1, 3, '2016-07-04 03:23:22', '2016-07-04 03:23:22', '2016-07-04 10:49:24', '2016-07-04 20:03:31', 1, NULL, NULL, NULL),
(308, 6, 3, '2016-07-04 09:23:06', '2016-07-04 09:23:06', '2016-07-04 15:42:03', '2016-07-05 00:58:41', 1, NULL, NULL, NULL),
(309, 1, 3, '2016-07-04 05:46:00', '2016-07-04 05:46:00', '2016-07-04 13:22:08', '2016-07-04 20:16:16', 1, NULL, NULL, NULL),
(310, 6, 3, '2016-07-04 11:57:00', '2016-07-04 11:57:00', '2016-07-04 18:47:47', '2016-07-05 02:12:12', 1, NULL, NULL, NULL),
(311, 1, 3, '2016-07-04 18:35:04', '2016-07-04 18:35:04', '2016-07-05 02:49:55', '2016-07-05 09:50:05', 1, NULL, NULL, NULL),
(312, 6, 3, '2016-07-04 16:22:21', '2016-07-04 16:22:21', '2016-07-05 02:01:07', '2016-07-05 09:22:31', 1, NULL, NULL, NULL),
(313, 1, 3, '2016-07-04 19:15:41', '2016-07-04 19:15:41', '2016-07-05 01:24:42', '2016-07-05 08:29:56', 1, NULL, NULL, NULL),
(314, 4, 3, '2016-07-04 16:00:48', '2016-07-04 16:00:48', '2016-07-05 01:57:42', '2016-07-05 11:08:12', 1, NULL, NULL, NULL),
(315, 6, 3, '2016-07-04 15:47:07', '2016-07-04 15:47:07', '2016-07-04 22:48:34', '2016-07-05 08:11:56', 1, NULL, NULL, NULL),
(316, 4, 3, '2016-07-04 18:27:25', '2016-07-04 18:27:25', '2016-07-05 03:59:14', '2016-07-05 12:56:52', 1, NULL, NULL, NULL),
(317, 1, 3, '2016-07-04 17:58:42', '2016-07-04 17:58:42', '2016-07-05 03:54:42', '2016-07-05 10:54:10', 1, NULL, NULL, NULL),
(318, 6, 3, '2016-07-04 17:37:55', '2016-07-04 17:37:55', '2016-07-05 01:42:43', '2016-07-05 09:49:47', 1, NULL, NULL, NULL),
(319, 1, 3, '2016-07-04 15:09:02', '2016-07-04 15:09:02', '2016-07-05 01:08:02', '2016-07-05 10:08:23', 1, NULL, NULL, NULL),
(320, 6, 3, '2016-07-04 15:56:07', '2016-07-04 15:56:07', '2016-07-05 01:04:00', '2016-07-05 07:48:57', 1, NULL, NULL, NULL),
(321, 1, 3, '2016-07-04 06:37:16', '2016-07-04 06:37:16', '2016-07-04 15:43:50', '2016-07-04 23:58:09', 1, NULL, NULL, NULL),
(322, 6, 3, '2016-07-03 23:28:53', '2016-07-03 23:28:53', '2016-07-04 05:54:33', '2016-07-04 13:23:57', 1, NULL, NULL, NULL),
(323, 4, 3, '2016-07-04 01:41:36', '2016-07-04 01:41:36', '2016-07-04 09:36:28', '2016-07-04 17:42:07', 1, NULL, NULL, NULL),
(324, 1, 3, '2016-07-04 06:50:12', '2016-07-04 06:50:12', '2016-07-04 15:01:27', '2016-07-04 22:08:15', 1, NULL, NULL, NULL),
(325, 6, 3, '2016-07-04 01:08:31', '2016-07-04 01:08:31', '2016-07-04 10:49:35', '2016-07-04 17:12:06', 1, NULL, NULL, NULL),
(326, 4, 3, '2016-07-04 02:10:13', '2016-07-04 02:10:13', '2016-07-04 10:34:20', '2016-07-04 19:43:04', 1, NULL, NULL, NULL),
(327, 1, 3, '2016-07-04 08:34:54', '2016-07-04 08:34:54', '2016-07-04 16:42:35', '2016-07-05 00:21:38', 1, NULL, NULL, NULL),
(328, 6, 3, '2016-07-04 03:55:26', '2016-07-04 03:55:26', '2016-07-04 12:23:03', '2016-07-04 22:05:05', 1, NULL, NULL, NULL),
(329, 1, 3, '2016-07-04 07:01:06', '2016-07-04 07:01:06', '2016-07-04 14:03:30', '2016-07-04 22:49:23', 1, NULL, NULL, NULL),
(330, 6, 3, '2016-07-04 08:39:36', '2016-07-04 08:39:36', '2016-07-04 16:40:36', '2016-07-05 01:33:58', 1, NULL, NULL, NULL),
(331, 4, 3, '2016-07-04 10:05:29', '2016-07-04 10:05:29', '2016-07-04 16:45:29', '2016-07-05 00:41:08', 1, NULL, NULL, NULL),
(332, 1, 3, '2016-07-04 06:13:47', '2016-07-04 06:13:47', '2016-07-04 14:06:05', '2016-07-04 20:26:37', 1, NULL, NULL, NULL),
(333, 6, 3, '2016-07-04 09:20:45', '2016-07-04 09:20:45', '2016-07-04 17:51:27', '2016-07-05 03:06:40', 1, NULL, NULL, NULL),
(334, 4, 3, '2016-07-04 10:14:10', '2016-07-04 10:14:10', '2016-07-04 16:49:30', '2016-07-04 23:11:52', 1, NULL, NULL, NULL),
(335, 1, 3, '2016-07-04 04:52:18', '2016-07-04 04:52:18', '2016-07-04 11:36:07', '2016-07-04 18:24:55', 1, NULL, NULL, NULL),
(336, 6, 3, '2016-07-04 04:18:19', '2016-07-04 04:18:19', '2016-07-04 11:15:06', '2016-07-04 17:29:12', 1, NULL, NULL, NULL),
(337, 1, 3, '2016-07-04 05:55:59', '2016-07-04 05:55:59', '2016-07-04 15:06:50', '2016-07-04 22:45:35', 1, NULL, NULL, NULL),
(338, 6, 3, '2016-07-04 05:52:46', '2016-07-04 05:52:46', '2016-07-04 15:38:58', '2016-07-05 00:33:31', 1, NULL, NULL, NULL),
(339, 4, 3, '2016-07-04 03:59:14', '2016-07-04 03:59:14', '2016-07-04 11:56:02', '2016-07-04 18:24:33', 1, NULL, NULL, NULL),
(340, 1, 3, '2016-07-04 06:05:02', '2016-07-04 06:05:02', '2016-07-04 13:05:30', '2016-07-04 21:06:29', 1, NULL, NULL, NULL),
(341, 6, 3, '2016-07-04 06:44:23', '2016-07-04 06:44:23', '2016-07-04 15:02:55', '2016-07-04 22:15:52', 1, NULL, NULL, NULL),
(342, 4, 3, '2016-07-04 04:44:53', '2016-07-04 04:44:53', '2016-07-04 11:11:53', '2016-07-04 17:23:07', 1, NULL, NULL, NULL),
(343, 1, 3, '2016-07-04 06:14:54', '2016-07-04 06:14:54', '2016-07-04 14:54:02', '2016-07-04 23:45:27', 1, NULL, NULL, NULL),
(344, 6, 3, '2016-07-04 09:42:14', '2016-07-04 09:42:14', '2016-07-04 16:05:18', '2016-07-05 00:42:28', 1, NULL, NULL, NULL),
(345, 1, 3, '2016-07-04 02:57:02', '2016-07-04 02:57:02', '2016-07-04 12:27:17', '2016-07-04 21:25:57', 1, NULL, NULL, NULL),
(346, 1, 3, '2016-07-04 02:49:51', '2016-07-04 02:49:51', '2016-07-04 09:55:56', '2016-07-04 19:39:17', 1, NULL, NULL, NULL),
(347, 1, 3, '2016-07-04 03:02:17', '2016-07-04 03:02:17', '2016-07-04 10:55:14', '2016-07-04 17:40:42', 1, NULL, NULL, NULL),
(348, 6, 1, '2016-07-04 09:56:28', '2016-07-04 09:56:28', '2016-07-04 16:13:57', '2016-07-05 00:27:33', 1, NULL, NULL, NULL),
(349, 1, 3, '2016-07-04 04:40:20', '2016-07-04 04:40:20', '2016-07-04 11:07:45', '2016-07-04 18:04:27', 1, NULL, NULL, NULL),
(350, 6, 1, '2016-07-04 09:43:59', '2016-07-04 09:43:59', '2016-07-04 16:50:43', '2016-07-05 02:51:29', 1, NULL, NULL, NULL),
(351, 1, 1, '2016-07-04 10:51:57', '2016-07-04 10:51:57', '2016-07-04 16:53:40', '2016-07-04 23:53:55', 1, NULL, NULL, NULL),
(352, 6, 1, '2016-07-04 18:40:58', '2016-07-04 18:40:58', '2016-07-05 04:28:35', '2016-07-05 13:56:55', 1, NULL, NULL, NULL),
(353, 1, 1, '2016-07-04 16:18:13', '2016-07-04 16:18:13', '2016-07-05 01:57:11', '2016-07-05 11:15:52', 1, NULL, NULL, NULL),
(354, 6, 1, '2016-07-04 15:42:11', '2016-07-04 15:42:11', '2016-07-05 01:30:58', '2016-07-05 08:32:55', 1, NULL, NULL, NULL),
(355, 4, 1, '2016-07-04 12:43:30', '2016-07-04 12:43:30', '2016-07-04 19:46:07', '2016-07-05 02:37:54', 1, NULL, NULL, NULL),
(356, 1, 1, '2016-07-04 17:31:37', '2016-07-04 17:31:37', '2016-07-05 03:11:49', '2016-07-05 10:14:31', 1, NULL, NULL, NULL),
(357, 6, 1, '2016-07-04 16:32:16', '2016-07-04 16:32:16', '2016-07-05 01:53:37', '2016-07-05 08:22:48', 1, NULL, NULL, NULL),
(358, 4, 1, '2016-07-04 12:01:18', '2016-07-04 12:01:18', '2016-07-04 20:49:37', '2016-07-05 03:58:14', 1, NULL, NULL, NULL),
(359, 1, 1, '2016-07-04 14:16:17', '2016-07-04 14:16:17', '2016-07-04 22:27:36', '2016-07-05 05:48:49', 1, NULL, NULL, NULL),
(360, 6, 1, '2016-07-04 15:19:21', '2016-07-04 15:19:21', '2016-07-05 00:49:50', '2016-07-05 07:34:44', 1, NULL, NULL, NULL),
(361, 1, 1, '2016-07-04 12:12:03', '2016-07-04 12:12:03', '2016-07-04 20:19:36', '2016-07-05 03:35:06', 1, NULL, NULL, NULL),
(362, 6, 1, '2016-07-04 14:48:19', '2016-07-04 14:48:19', '2016-07-04 21:04:08', '2016-07-05 04:11:46', 1, NULL, NULL, NULL),
(363, 1, 5, '2016-07-06 20:45:31', '2016-07-06 20:45:31', '2016-07-07 04:47:40', '2016-07-07 13:34:52', 1, NULL, NULL, NULL),
(364, 6, 5, '2016-07-07 00:30:52', '2016-07-07 00:30:52', '2016-07-07 07:00:15', '2016-07-07 16:22:59', 1, NULL, NULL, NULL),
(365, 1, 5, '2016-07-06 20:45:13', '2016-07-06 20:45:13', '2016-07-07 04:50:21', '2016-07-07 12:16:30', 1, NULL, NULL, NULL),
(366, 6, 5, '2016-07-06 22:58:34', '2016-07-06 22:58:34', '2016-07-07 06:41:25', '2016-07-07 14:50:50', 1, NULL, NULL, NULL),
(367, 1, 5, '2016-07-07 02:11:12', '2016-07-07 02:11:12', '2016-07-07 09:46:32', '2016-07-07 16:56:09', 1, NULL, NULL, NULL),
(368, 6, 5, '2016-07-06 21:50:53', '2016-07-06 21:50:53', '2016-07-07 06:14:55', '2016-07-07 13:18:25', 1, NULL, NULL, NULL),
(369, 1, 5, '2016-07-07 01:11:44', '2016-07-07 01:11:44', '2016-07-07 07:56:00', '2016-07-07 17:37:43', 1, NULL, NULL, NULL),
(370, 6, 5, '2016-07-06 21:38:49', '2016-07-06 21:38:49', '2016-07-07 07:30:06', '2016-07-07 16:59:05', 1, NULL, NULL, NULL),
(371, 1, 1, '2016-07-04 16:30:14', '2016-07-04 16:30:14', '2016-07-05 01:39:38', '2016-07-05 11:26:21', 1, NULL, NULL, NULL),
(372, 6, 5, '2016-07-06 15:41:12', '2016-07-06 15:41:12', '2016-07-07 01:07:10', '2016-07-07 09:07:32', 1, NULL, NULL, NULL),
(373, 1, 5, '2016-07-06 18:13:01', '2016-07-06 18:13:01', '2016-07-07 02:37:36', '2016-07-07 09:09:34', 1, NULL, NULL, NULL),
(374, 1, 1, '2016-07-04 08:16:30', '2016-07-04 08:16:30', '2016-07-04 18:09:24', '2016-07-05 01:59:34', 1, NULL, NULL, NULL),
(375, 6, 1, '2016-07-04 11:03:54', '2016-07-04 11:03:54', '2016-07-04 17:46:41', '2016-07-05 00:52:35', 1, NULL, NULL, NULL),
(376, 1, 1, '2016-07-04 09:18:59', '2016-07-04 09:18:59', '2016-07-04 19:06:06', '2016-07-05 01:29:24', 1, NULL, NULL, NULL),
(377, 6, 1, '2016-07-04 13:25:58', '2016-07-04 13:25:58', '2016-07-04 21:30:33', '2016-07-05 04:24:47', 1, NULL, NULL, NULL),
(378, 1, 1, '2016-07-04 02:31:37', '2016-07-04 02:31:37', '2016-07-04 09:31:16', '2016-07-04 18:37:06', 1, NULL, NULL, NULL),
(379, 6, 1, '2016-07-04 07:02:05', '2016-07-04 07:02:05', '2016-07-04 15:01:55', '2016-07-04 22:55:40', 1, NULL, NULL, NULL),
(380, 1, 1, '2016-07-04 01:53:37', '2016-07-04 01:53:37', '2016-07-04 08:26:24', '2016-07-04 17:32:43', 1, NULL, NULL, NULL),
(381, 6, 1, '2016-07-04 05:46:49', '2016-07-04 05:46:49', '2016-07-04 14:22:31', '2016-07-04 23:30:01', 1, NULL, NULL, NULL),
(382, 1, 5, '2016-07-06 07:38:25', '2016-07-06 07:38:25', '2016-07-06 17:31:20', '2016-07-07 02:19:35', 1, NULL, NULL, NULL),
(383, 6, 5, '2016-07-06 10:03:12', '2016-07-06 10:03:12', '2016-07-06 19:01:18', '2016-07-07 03:02:52', 1, NULL, NULL, NULL),
(384, 1, 5, '2016-07-06 09:34:41', '2016-07-06 09:34:41', '2016-07-06 17:56:00', '2016-07-07 03:56:11', 1, NULL, NULL, NULL),
(385, 1, 1, '2016-07-04 10:51:50', '2016-07-04 10:51:50', '2016-07-04 17:54:54', '2016-07-05 03:10:47', 1, NULL, NULL, NULL),
(386, 6, 1, '2016-07-04 04:18:44', '2016-07-04 04:18:44', '2016-07-04 14:04:15', '2016-07-04 21:19:05', 1, NULL, NULL, NULL),
(387, 1, 1, '2016-07-04 08:13:10', '2016-07-04 08:13:10', '2016-07-04 17:18:14', '2016-07-05 02:10:06', 1, NULL, NULL, NULL),
(388, 6, 1, '2016-07-04 05:42:54', '2016-07-04 05:42:54', '2016-07-04 13:36:23', '2016-07-04 21:45:58', 1, NULL, NULL, NULL),
(389, 1, 1, '2016-07-04 02:50:37', '2016-07-04 02:50:37', '2016-07-04 12:06:03', '2016-07-04 20:03:50', 1, NULL, NULL, NULL),
(390, 6, 1, '2016-07-04 06:05:21', '2016-07-04 06:05:21', '2016-07-04 12:34:23', '2016-07-04 21:12:04', 1, NULL, NULL, NULL),
(391, 1, 1, '2016-07-04 04:47:55', '2016-07-04 04:47:55', '2016-07-04 13:24:39', '2016-07-04 22:34:34', 1, NULL, NULL, NULL),
(392, 6, 1, '2016-07-04 05:45:06', '2016-07-04 05:45:06', '2016-07-04 14:41:40', '2016-07-04 21:28:49', 1, NULL, NULL, NULL),
(393, 1, 1, '2016-07-04 07:07:14', '2016-07-04 07:07:14', '2016-07-04 16:06:42', '2016-07-04 23:15:10', 1, NULL, NULL, NULL),
(394, 6, 1, '2016-07-04 05:00:08', '2016-07-04 05:00:08', '2016-07-04 13:22:44', '2016-07-04 19:42:01', 1, NULL, NULL, NULL),
(395, 1, 1, '2016-07-04 03:39:49', '2016-07-04 03:39:49', '2016-07-04 11:43:39', '2016-07-04 18:49:20', 1, NULL, NULL, NULL),
(396, 6, 5, '2016-07-06 19:35:00', '2016-07-06 19:35:00', '2016-07-07 04:26:52', '2016-07-07 13:20:52', 1, NULL, NULL, NULL),
(397, 1, 5, '2016-07-06 17:56:05', '2016-07-06 17:56:05', '2016-07-07 01:41:18', '2016-07-07 08:08:55', 1, NULL, NULL, NULL),
(398, 6, 5, '2016-07-06 19:09:03', '2016-07-06 19:09:03', '2016-07-07 02:30:12', '2016-07-07 10:57:16', 1, NULL, NULL, NULL),
(399, 1, 5, '2016-07-06 20:37:40', '2016-07-06 20:37:40', '2016-07-07 06:07:44', '2016-07-07 14:32:31', 1, NULL, NULL, NULL),
(400, 6, 5, '2016-07-06 12:02:36', '2016-07-06 12:02:36', '2016-07-06 19:25:13', '2016-07-07 02:41:49', 1, NULL, NULL, NULL),
(401, 2, 5, '2016-07-06 17:13:33', '2016-07-06 17:13:33', '2016-07-07 02:37:09', '2016-07-07 11:12:18', 1, NULL, NULL, NULL),
(402, 2, 5, '2016-07-06 19:45:46', '2016-07-06 19:45:46', '2016-07-07 02:54:36', '2016-07-07 10:01:54', 1, NULL, NULL, NULL);
INSERT INTO `uso_baterias_bodega` (`id`, `bg`, `bt`, `fecha_entrada`, `fecha_carga`, `fecha_descanso`, `fecha_salida`, `usuario_entrada`, `usuario_carga`, `usuario_descanso`, `usuario_salida`) VALUES
(403, 1, 5, '2016-07-06 14:58:32', '2016-07-06 14:58:32', '2016-07-07 00:08:33', '2016-07-07 07:26:53', 1, NULL, NULL, NULL),
(404, 6, 5, '2016-07-06 23:38:03', '2016-07-06 23:38:03', '2016-07-07 07:11:27', '2016-07-07 16:17:35', 1, NULL, NULL, NULL),
(405, 1, 5, '2016-07-06 16:07:18', '2016-07-06 16:07:18', '2016-07-06 23:28:46', '2016-07-07 07:45:58', 1, NULL, NULL, NULL),
(406, 6, 5, '2016-07-07 00:04:02', '2016-07-07 00:04:02', '2016-07-07 09:48:26', '2016-07-07 16:09:50', 1, NULL, NULL, NULL),
(407, 1, 5, '2016-07-06 19:21:12', '2016-07-06 19:21:12', '2016-07-07 03:59:29', '2016-07-07 12:10:15', 1, NULL, NULL, NULL),
(408, 1, 5, '2016-07-06 15:48:16', '2016-07-06 15:48:16', '2016-07-07 00:59:27', '2016-07-07 09:54:51', 1, NULL, NULL, NULL),
(409, 6, 5, '2016-07-06 22:09:36', '2016-07-06 22:09:36', '2016-07-07 06:28:55', '2016-07-07 16:00:02', 1, NULL, NULL, NULL),
(410, 6, 5, '2016-07-06 23:07:24', '2016-07-06 23:07:24', '2016-07-07 06:50:09', '2016-07-07 16:23:43', 1, NULL, NULL, NULL),
(411, 1, 5, '2016-07-06 19:16:53', '2016-07-06 19:16:53', '2016-07-07 02:51:01', '2016-07-07 09:50:35', 1, NULL, NULL, NULL),
(412, 6, 5, '2016-07-06 18:03:59', '2016-07-06 18:03:59', '2016-07-07 00:41:28', '2016-07-07 08:34:40', 1, NULL, NULL, NULL),
(413, 1, 5, '2016-07-06 16:42:59', '2016-07-06 16:42:59', '2016-07-07 00:20:25', '2016-07-07 08:24:17', 1, NULL, NULL, NULL),
(414, 1, 5, '2016-07-06 13:25:10', '2016-07-06 13:25:10', '2016-07-06 22:20:06', '2016-07-07 06:03:29', 1, NULL, NULL, NULL),
(415, 6, 5, '2016-07-06 21:34:29', '2016-07-06 21:34:29', '2016-07-07 05:03:36', '2016-07-07 14:53:48', 1, NULL, NULL, NULL),
(416, 6, 5, '2016-07-06 17:49:27', '2016-07-06 17:49:27', '2016-07-07 01:19:10', '2016-07-07 10:17:51', 1, NULL, NULL, NULL),
(417, 1, 5, '2016-07-06 17:15:08', '2016-07-06 17:15:08', '2016-07-07 00:08:12', '2016-07-07 08:04:37', 1, NULL, NULL, NULL),
(418, 6, 5, '2016-07-06 15:40:45', '2016-07-06 15:40:45', '2016-07-07 01:05:27', '2016-07-07 09:22:36', 1, NULL, NULL, NULL),
(419, 1, 5, '2016-07-06 15:28:36', '2016-07-06 15:28:36', '2016-07-07 01:24:25', '2016-07-07 09:36:02', 1, NULL, NULL, NULL),
(420, 6, 5, '2016-07-06 16:34:11', '2016-07-06 16:34:11', '2016-07-06 23:43:31', '2016-07-07 07:19:06', 1, NULL, NULL, NULL),
(421, 1, 5, '2016-07-06 15:04:54', '2016-07-06 15:04:54', '2016-07-06 21:42:39', '2016-07-07 06:17:50', 1, NULL, NULL, NULL),
(422, 6, 5, '2016-07-06 19:06:41', '2016-07-06 19:06:41', '2016-07-07 03:27:44', '2016-07-07 10:52:44', 1, NULL, NULL, NULL),
(423, 1, 5, '2016-07-06 14:26:43', '2016-07-06 14:26:43', '2016-07-06 22:45:27', '2016-07-07 04:53:02', 1, NULL, NULL, NULL),
(424, 6, 5, '2016-07-06 18:37:15', '2016-07-06 18:37:15', '2016-07-07 02:48:52', '2016-07-07 12:01:38', 1, NULL, NULL, NULL),
(425, 1, 5, '2016-07-06 22:06:27', '2016-07-06 22:06:27', '2016-07-07 05:02:08', '2016-07-07 13:39:57', 1, NULL, NULL, NULL),
(426, 6, 5, '2016-07-06 17:39:26', '2016-07-06 17:39:26', '2016-07-07 01:03:45', '2016-07-07 10:07:22', 1, NULL, NULL, NULL),
(427, 1, 5, '2016-07-06 23:08:45', '2016-07-06 23:08:45', '2016-07-07 07:44:22', '2016-07-07 15:49:24', 1, NULL, NULL, NULL),
(428, 6, 5, '2016-07-06 21:21:40', '2016-07-06 21:21:40', '2016-07-07 04:03:18', '2016-07-07 13:10:49', 1, NULL, NULL, NULL),
(429, 1, 5, '2016-07-06 19:54:43', '2016-07-06 19:54:43', '2016-07-07 04:46:52', '2016-07-07 11:38:10', 1, NULL, NULL, NULL),
(430, 5, 5, '2016-07-06 21:35:10', '2016-07-06 21:35:10', '2016-07-07 06:18:47', '2016-07-07 15:01:55', 1, NULL, NULL, NULL),
(431, 1, 3, '2016-07-05 08:38:20', '2016-07-05 08:38:20', '2016-07-05 16:31:58', '2016-07-06 02:10:10', 1, NULL, NULL, NULL),
(432, 5, 3, '2016-07-05 05:59:02', '2016-07-05 05:59:02', '2016-07-05 13:27:41', '2016-07-05 23:02:14', 1, NULL, NULL, NULL),
(433, 1, 3, '2016-07-05 04:51:22', '2016-07-05 04:51:22', '2016-07-05 11:55:25', '2016-07-05 20:29:37', 1, NULL, NULL, NULL),
(434, 1, 3, '2016-07-05 07:19:41', '2016-07-05 07:19:41', '2016-07-05 13:52:30', '2016-07-05 22:09:55', 1, NULL, NULL, NULL),
(435, 6, 3, '2016-07-05 19:12:10', '2016-07-05 19:12:10', '2016-07-06 01:19:31', '2016-07-06 08:10:08', 1, NULL, NULL, NULL),
(436, 4, 3, '2016-07-05 20:03:30', '2016-07-05 20:03:30', '2016-07-06 03:06:16', '2016-07-06 12:40:42', 1, NULL, NULL, NULL),
(437, 1, 3, '2016-07-05 18:43:36', '2016-07-05 18:43:36', '2016-07-06 04:06:36', '2016-07-06 12:41:18', 1, NULL, NULL, NULL),
(438, 6, 3, '2016-07-05 16:37:54', '2016-07-05 16:37:54', '2016-07-06 02:33:08', '0000-00-00 00:00:00', 1, NULL, NULL, NULL),
(439, 1, 3, '2016-07-05 17:59:03', '2016-07-05 17:59:03', '2016-07-06 01:27:26', '0000-00-00 00:00:00', 1, NULL, NULL, NULL),
(440, 6, 3, '2016-07-05 13:51:08', '2016-07-05 13:51:08', '2016-07-05 21:51:08', '0000-00-00 00:00:00', 1, NULL, NULL, NULL),
(441, 1, 3, '2016-07-05 19:21:41', '2016-07-05 19:21:41', '2016-07-06 03:21:41', '0000-00-00 00:00:00', 1, NULL, NULL, NULL),
(442, 6, 3, '2016-07-05 15:08:35', '0000-00-00 00:00:00', '0000-00-00 00:00:00', '0000-00-00 00:00:00', 1, NULL, NULL, NULL),
(443, 1, 3, '2016-07-05 16:55:19', '0000-00-00 00:00:00', '0000-00-00 00:00:00', '0000-00-00 00:00:00', 1, NULL, NULL, NULL),
(444, 6, 3, '2016-07-05 06:18:48', '0000-00-00 00:00:00', '0000-00-00 00:00:00', '0000-00-00 00:00:00', 1, NULL, NULL, NULL),
(445, 1, 3, '2016-07-05 19:33:10', '0000-00-00 00:00:00', '0000-00-00 00:00:00', '0000-00-00 00:00:00', 1, NULL, NULL, NULL),
(446, 6, 3, '2016-07-05 07:46:47', '0000-00-00 00:00:00', '0000-00-00 00:00:00', '0000-00-00 00:00:00', 1, NULL, NULL, NULL),
(447, 1, 3, '2016-07-04 21:49:56', '0000-00-00 00:00:00', '0000-00-00 00:00:00', '0000-00-00 00:00:00', 1, NULL, NULL, NULL),
(448, 6, 3, '2016-07-05 00:31:57', '0000-00-00 00:00:00', '0000-00-00 00:00:00', '0000-00-00 00:00:00', 1, NULL, NULL, NULL),
(449, 1, 3, '2016-07-04 21:27:21', '0000-00-00 00:00:00', '0000-00-00 00:00:00', '0000-00-00 00:00:00', 1, NULL, NULL, NULL),
(450, 6, 3, '2016-07-05 01:29:44', '0000-00-00 00:00:00', '0000-00-00 00:00:00', '0000-00-00 00:00:00', 1, NULL, NULL, NULL),
(451, 1, 3, '2016-07-05 07:31:08', '0000-00-00 00:00:00', '0000-00-00 00:00:00', '0000-00-00 00:00:00', 1, NULL, NULL, NULL),
(452, 6, 3, '2016-07-05 01:34:37', '0000-00-00 00:00:00', '0000-00-00 00:00:00', '0000-00-00 00:00:00', 1, NULL, NULL, NULL),
(453, 1, 3, '2016-07-05 05:42:27', '0000-00-00 00:00:00', '0000-00-00 00:00:00', '0000-00-00 00:00:00', 1, NULL, NULL, NULL),
(454, 6, 3, '2016-07-05 03:47:57', '0000-00-00 00:00:00', '0000-00-00 00:00:00', '0000-00-00 00:00:00', 1, NULL, NULL, NULL),
(455, 1, 3, '2016-07-05 07:49:56', '0000-00-00 00:00:00', '0000-00-00 00:00:00', '0000-00-00 00:00:00', 1, NULL, NULL, NULL),
(456, 6, 3, '2016-07-05 02:17:03', '0000-00-00 00:00:00', '0000-00-00 00:00:00', '0000-00-00 00:00:00', 1, NULL, NULL, NULL),
(457, 1, 3, '2016-07-05 09:02:49', '0000-00-00 00:00:00', '0000-00-00 00:00:00', '0000-00-00 00:00:00', 1, NULL, NULL, NULL),
(458, 6, 3, '2016-07-05 05:29:35', '0000-00-00 00:00:00', '0000-00-00 00:00:00', '0000-00-00 00:00:00', 1, NULL, NULL, NULL),
(459, 1, 3, '2016-07-05 05:05:04', '0000-00-00 00:00:00', '0000-00-00 00:00:00', '0000-00-00 00:00:00', 1, NULL, NULL, NULL),
(460, 6, 3, '2016-07-05 08:27:36', '0000-00-00 00:00:00', '0000-00-00 00:00:00', '0000-00-00 00:00:00', 1, NULL, NULL, NULL),
(461, 1, 3, '2016-07-05 04:37:45', '0000-00-00 00:00:00', '0000-00-00 00:00:00', '0000-00-00 00:00:00', 1, NULL, NULL, NULL),
(462, 6, 3, '2016-07-05 08:05:44', '0000-00-00 00:00:00', '0000-00-00 00:00:00', '0000-00-00 00:00:00', 1, NULL, NULL, NULL),
(463, 1, 3, '2016-07-05 06:42:40', '0000-00-00 00:00:00', '0000-00-00 00:00:00', '0000-00-00 00:00:00', 1, NULL, NULL, NULL),
(464, 6, 3, '2016-07-05 09:58:20', '0000-00-00 00:00:00', '0000-00-00 00:00:00', '0000-00-00 00:00:00', 1, NULL, NULL, NULL),
(465, 1, 3, '2016-07-05 06:43:02', '0000-00-00 00:00:00', '0000-00-00 00:00:00', '0000-00-00 00:00:00', 1, NULL, NULL, NULL),
(466, 6, 3, '2016-07-05 12:17:39', '0000-00-00 00:00:00', '0000-00-00 00:00:00', '0000-00-00 00:00:00', 1, NULL, NULL, NULL),
(467, 1, 3, '2016-07-05 06:06:42', '0000-00-00 00:00:00', '0000-00-00 00:00:00', '0000-00-00 00:00:00', 1, NULL, NULL, NULL),
(468, 6, 3, '2016-07-05 02:12:43', '0000-00-00 00:00:00', '0000-00-00 00:00:00', '0000-00-00 00:00:00', 1, NULL, NULL, NULL),
(469, 1, 3, '2016-07-05 06:16:04', '0000-00-00 00:00:00', '0000-00-00 00:00:00', '0000-00-00 00:00:00', 1, NULL, NULL, NULL),
(470, 6, 3, '2016-07-05 01:12:10', '0000-00-00 00:00:00', '0000-00-00 00:00:00', '0000-00-00 00:00:00', 1, NULL, NULL, NULL),
(471, 1, 3, '2016-07-05 04:14:48', '0000-00-00 00:00:00', '0000-00-00 00:00:00', '0000-00-00 00:00:00', 1, NULL, NULL, NULL),
(472, 6, 3, '2016-07-05 06:04:06', '0000-00-00 00:00:00', '0000-00-00 00:00:00', '0000-00-00 00:00:00', 1, NULL, NULL, NULL),
(473, 1, 3, '2016-07-05 08:23:39', '0000-00-00 00:00:00', '0000-00-00 00:00:00', '0000-00-00 00:00:00', 1, NULL, NULL, NULL),
(474, 1, 3, '2016-07-05 02:24:19', '0000-00-00 00:00:00', '0000-00-00 00:00:00', '0000-00-00 00:00:00', 1, NULL, NULL, NULL),
(475, 1, 3, '2016-07-05 00:59:06', '0000-00-00 00:00:00', '0000-00-00 00:00:00', '0000-00-00 00:00:00', 1, NULL, NULL, NULL),
(476, 6, 1, '2016-07-05 10:07:29', '0000-00-00 00:00:00', '0000-00-00 00:00:00', '0000-00-00 00:00:00', 1, NULL, NULL, NULL),
(477, 4, 1, '2016-07-05 10:36:08', '0000-00-00 00:00:00', '0000-00-00 00:00:00', '0000-00-00 00:00:00', 1, NULL, NULL, NULL),
(478, 1, 3, '2016-07-05 01:36:01', '0000-00-00 00:00:00', '0000-00-00 00:00:00', '0000-00-00 00:00:00', 1, NULL, NULL, NULL),
(479, 6, 1, '2016-07-05 09:34:32', '0000-00-00 00:00:00', '0000-00-00 00:00:00', '0000-00-00 00:00:00', 1, NULL, NULL, NULL),
(480, 4, 1, '2016-07-05 11:48:20', '0000-00-00 00:00:00', '0000-00-00 00:00:00', '0000-00-00 00:00:00', 1, NULL, NULL, NULL),
(481, 1, 1, '2016-07-05 09:08:53', '0000-00-00 00:00:00', '0000-00-00 00:00:00', '0000-00-00 00:00:00', 1, NULL, NULL, NULL),
(482, 6, 1, '2016-07-05 11:59:51', '0000-00-00 00:00:00', '0000-00-00 00:00:00', '0000-00-00 00:00:00', 1, NULL, NULL, NULL),
(483, 1, 1, '2016-07-05 19:32:57', '0000-00-00 00:00:00', '0000-00-00 00:00:00', '0000-00-00 00:00:00', 1, NULL, NULL, NULL),
(484, 1, 1, '2016-07-05 18:43:47', '0000-00-00 00:00:00', '0000-00-00 00:00:00', '0000-00-00 00:00:00', 1, NULL, NULL, NULL),
(485, 1, 1, '2016-07-05 11:46:10', '0000-00-00 00:00:00', '0000-00-00 00:00:00', '0000-00-00 00:00:00', 1, NULL, NULL, NULL),
(486, 6, 1, '2016-07-05 20:31:38', '0000-00-00 00:00:00', '0000-00-00 00:00:00', '0000-00-00 00:00:00', 1, NULL, NULL, NULL),
(487, 1, 1, '2016-07-05 11:48:35', '0000-00-00 00:00:00', '0000-00-00 00:00:00', '0000-00-00 00:00:00', 1, NULL, NULL, NULL),
(488, 1, 1, '2016-07-05 15:21:15', '0000-00-00 00:00:00', '0000-00-00 00:00:00', '0000-00-00 00:00:00', 1, NULL, NULL, NULL),
(489, 1, 1, '2016-07-05 16:35:01', '0000-00-00 00:00:00', '0000-00-00 00:00:00', '0000-00-00 00:00:00', 1, NULL, NULL, NULL),
(490, 6, 1, '2016-07-05 14:09:45', '0000-00-00 00:00:00', '0000-00-00 00:00:00', '0000-00-00 00:00:00', 1, NULL, NULL, NULL),
(491, 1, 1, '2016-07-05 14:50:36', '0000-00-00 00:00:00', '0000-00-00 00:00:00', '0000-00-00 00:00:00', 1, NULL, NULL, NULL),
(492, 6, 5, '2016-07-07 21:17:38', '0000-00-00 00:00:00', '0000-00-00 00:00:00', '0000-00-00 00:00:00', 1, NULL, NULL, NULL),
(493, 1, 5, '2016-07-07 21:29:34', '0000-00-00 00:00:00', '0000-00-00 00:00:00', '0000-00-00 00:00:00', 1, NULL, NULL, NULL),
(494, 1, 5, '2016-07-07 23:37:03', '0000-00-00 00:00:00', '0000-00-00 00:00:00', '0000-00-00 00:00:00', 1, NULL, NULL, NULL),
(495, 6, 5, '2016-07-07 22:50:47', '0000-00-00 00:00:00', '0000-00-00 00:00:00', '0000-00-00 00:00:00', 1, NULL, NULL, NULL),
(496, 1, 5, '2016-07-07 23:20:01', '0000-00-00 00:00:00', '0000-00-00 00:00:00', '0000-00-00 00:00:00', 1, NULL, NULL, NULL),
(497, 6, 5, '2016-07-07 21:05:19', '0000-00-00 00:00:00', '0000-00-00 00:00:00', '0000-00-00 00:00:00', 1, NULL, NULL, NULL),
(498, 1, 5, '2016-07-07 22:54:20', '0000-00-00 00:00:00', '0000-00-00 00:00:00', '0000-00-00 00:00:00', 1, NULL, NULL, NULL),
(499, 6, 5, '2016-07-07 17:11:22', '0000-00-00 00:00:00', '0000-00-00 00:00:00', '0000-00-00 00:00:00', 1, NULL, NULL, NULL),
(500, 1, 5, '2016-07-07 14:51:26', '0000-00-00 00:00:00', '0000-00-00 00:00:00', '0000-00-00 00:00:00', 1, NULL, NULL, NULL),
(501, 6, 1, '2016-07-05 07:30:44', '0000-00-00 00:00:00', '0000-00-00 00:00:00', '0000-00-00 00:00:00', 1, NULL, NULL, NULL),
(502, 1, 1, '2016-07-05 07:20:28', '0000-00-00 00:00:00', '0000-00-00 00:00:00', '0000-00-00 00:00:00', 1, NULL, NULL, NULL),
(503, 6, 1, '2016-07-05 12:08:32', '0000-00-00 00:00:00', '0000-00-00 00:00:00', '0000-00-00 00:00:00', 1, NULL, NULL, NULL),
(504, 1, 1, '2016-07-05 12:22:16', '0000-00-00 00:00:00', '0000-00-00 00:00:00', '0000-00-00 00:00:00', 1, NULL, NULL, NULL),
(505, 6, 1, '2016-07-04 23:12:37', '0000-00-00 00:00:00', '0000-00-00 00:00:00', '0000-00-00 00:00:00', 1, NULL, NULL, NULL),
(506, 1, 1, '2016-07-05 00:12:41', '0000-00-00 00:00:00', '0000-00-00 00:00:00', '0000-00-00 00:00:00', 1, NULL, NULL, NULL),
(507, 6, 1, '2016-07-04 22:10:37', '0000-00-00 00:00:00', '0000-00-00 00:00:00', '0000-00-00 00:00:00', 1, NULL, NULL, NULL),
(508, 1, 5, '2016-07-07 07:44:30', '0000-00-00 00:00:00', '0000-00-00 00:00:00', '0000-00-00 00:00:00', 1, NULL, NULL, NULL),
(509, 1, 5, '2016-07-07 09:56:41', '0000-00-00 00:00:00', '0000-00-00 00:00:00', '0000-00-00 00:00:00', 1, NULL, NULL, NULL),
(510, 1, 1, '2016-07-05 09:08:51', '0000-00-00 00:00:00', '0000-00-00 00:00:00', '0000-00-00 00:00:00', 1, NULL, NULL, NULL),
(511, 6, 1, '2016-07-05 07:59:35', '0000-00-00 00:00:00', '0000-00-00 00:00:00', '0000-00-00 00:00:00', 1, NULL, NULL, NULL),
(512, 4, 1, '2016-07-05 12:23:21', '0000-00-00 00:00:00', '0000-00-00 00:00:00', '0000-00-00 00:00:00', 1, NULL, NULL, NULL),
(513, 1, 1, '2016-07-05 09:14:00', '0000-00-00 00:00:00', '0000-00-00 00:00:00', '0000-00-00 00:00:00', 1, NULL, NULL, NULL),
(514, 6, 1, '2016-07-05 08:13:46', '0000-00-00 00:00:00', '0000-00-00 00:00:00', '0000-00-00 00:00:00', 1, NULL, NULL, NULL),
(515, 4, 1, '2016-07-05 10:18:44', '0000-00-00 00:00:00', '0000-00-00 00:00:00', '0000-00-00 00:00:00', 1, NULL, NULL, NULL),
(516, 1, 1, '2016-07-05 06:13:42', '0000-00-00 00:00:00', '0000-00-00 00:00:00', '0000-00-00 00:00:00', 1, NULL, NULL, NULL),
(517, 6, 1, '2016-07-05 05:15:21', '0000-00-00 00:00:00', '0000-00-00 00:00:00', '0000-00-00 00:00:00', 1, NULL, NULL, NULL),
(518, 1, 1, '2016-07-05 06:28:02', '0000-00-00 00:00:00', '0000-00-00 00:00:00', '0000-00-00 00:00:00', 1, NULL, NULL, NULL),
(519, 6, 1, '2016-07-05 05:06:17', '0000-00-00 00:00:00', '0000-00-00 00:00:00', '0000-00-00 00:00:00', 1, NULL, NULL, NULL),
(520, 1, 1, '2016-07-05 05:11:16', '0000-00-00 00:00:00', '0000-00-00 00:00:00', '0000-00-00 00:00:00', 1, NULL, NULL, NULL),
(521, 6, 1, '2016-07-05 07:31:05', '0000-00-00 00:00:00', '0000-00-00 00:00:00', '0000-00-00 00:00:00', 1, NULL, NULL, NULL),
(522, 1, 1, '2016-07-05 06:56:41', '0000-00-00 00:00:00', '0000-00-00 00:00:00', '0000-00-00 00:00:00', 1, NULL, NULL, NULL),
(523, 6, 1, '2016-07-05 01:50:40', '0000-00-00 00:00:00', '0000-00-00 00:00:00', '0000-00-00 00:00:00', 1, NULL, NULL, NULL),
(524, 1, 5, '2016-07-07 15:14:06', '0000-00-00 00:00:00', '0000-00-00 00:00:00', '0000-00-00 00:00:00', 1, NULL, NULL, NULL),
(525, 1, 5, '2016-07-07 21:46:59', '0000-00-00 00:00:00', '0000-00-00 00:00:00', '0000-00-00 00:00:00', 1, NULL, NULL, NULL),
(526, 1, 5, '2016-07-07 18:11:26', '0000-00-00 00:00:00', '0000-00-00 00:00:00', '0000-00-00 00:00:00', 1, NULL, NULL, NULL),
(527, 2, 5, '2016-07-07 18:25:13', '0000-00-00 00:00:00', '0000-00-00 00:00:00', '0000-00-00 00:00:00', 1, NULL, NULL, NULL),
(528, 1, 5, '2016-07-07 21:30:29', '0000-00-00 00:00:00', '0000-00-00 00:00:00', '0000-00-00 00:00:00', 1, NULL, NULL, NULL),
(529, 6, 5, '2016-07-07 16:25:41', '0000-00-00 00:00:00', '0000-00-00 00:00:00', '0000-00-00 00:00:00', 1, NULL, NULL, NULL),
(530, 2, 5, '2016-07-07 19:08:16', '0000-00-00 00:00:00', '0000-00-00 00:00:00', '0000-00-00 00:00:00', 1, NULL, NULL, NULL),
(531, 1, 5, '2016-07-07 18:58:59', '0000-00-00 00:00:00', '0000-00-00 00:00:00', '0000-00-00 00:00:00', 1, NULL, NULL, NULL),
(532, 6, 5, '2016-07-07 17:43:40', '0000-00-00 00:00:00', '0000-00-00 00:00:00', '0000-00-00 00:00:00', 1, NULL, NULL, NULL),
(533, 1, 5, '2016-07-07 16:01:44', '0000-00-00 00:00:00', '0000-00-00 00:00:00', '0000-00-00 00:00:00', 1, NULL, NULL, NULL),
(534, 6, 5, '2016-07-07 15:32:38', '0000-00-00 00:00:00', '0000-00-00 00:00:00', '0000-00-00 00:00:00', 1, NULL, NULL, NULL),
(535, 4, 5, '2016-07-08 00:45:27', '0000-00-00 00:00:00', '0000-00-00 00:00:00', '0000-00-00 00:00:00', 1, NULL, NULL, NULL),
(536, 1, 5, '2016-07-07 15:44:54', '0000-00-00 00:00:00', '0000-00-00 00:00:00', '0000-00-00 00:00:00', 1, NULL, NULL, NULL),
(537, 6, 5, '2016-07-07 18:33:38', '0000-00-00 00:00:00', '0000-00-00 00:00:00', '0000-00-00 00:00:00', 1, NULL, NULL, NULL),
(538, 4, 5, '2016-07-07 23:45:23', '0000-00-00 00:00:00', '0000-00-00 00:00:00', '0000-00-00 00:00:00', 1, NULL, NULL, NULL),
(539, 1, 5, '2016-07-08 03:37:37', '0000-00-00 00:00:00', '0000-00-00 00:00:00', '0000-00-00 00:00:00', 1, NULL, NULL, NULL),
(540, 6, 5, '2016-07-07 21:31:56', '0000-00-00 00:00:00', '0000-00-00 00:00:00', '0000-00-00 00:00:00', 1, NULL, NULL, NULL),
(541, 1, 5, '2016-07-08 02:10:45', '0000-00-00 00:00:00', '0000-00-00 00:00:00', '0000-00-00 00:00:00', 1, NULL, NULL, NULL),
(542, 6, 5, '2016-07-07 18:41:45', '0000-00-00 00:00:00', '0000-00-00 00:00:00', '0000-00-00 00:00:00', 1, NULL, NULL, NULL),
(543, 1, 5, '2016-07-08 00:38:52', '0000-00-00 00:00:00', '0000-00-00 00:00:00', '0000-00-00 00:00:00', 1, NULL, NULL, NULL),
(544, 6, 5, '2016-07-08 01:46:27', '0000-00-00 00:00:00', '0000-00-00 00:00:00', '0000-00-00 00:00:00', 1, NULL, NULL, NULL),
(545, 1, 5, '2016-07-08 01:16:43', '0000-00-00 00:00:00', '0000-00-00 00:00:00', '0000-00-00 00:00:00', 1, NULL, NULL, NULL),
(546, 6, 5, '2016-07-08 00:25:11', '0000-00-00 00:00:00', '0000-00-00 00:00:00', '0000-00-00 00:00:00', 1, NULL, NULL, NULL),
(547, 1, 5, '2016-07-07 16:33:19', '0000-00-00 00:00:00', '0000-00-00 00:00:00', '0000-00-00 00:00:00', 1, NULL, NULL, NULL),
(548, 6, 5, '2016-07-07 15:19:25', '0000-00-00 00:00:00', '0000-00-00 00:00:00', '0000-00-00 00:00:00', 1, NULL, NULL, NULL),
(549, 1, 5, '2016-07-07 19:35:46', '0000-00-00 00:00:00', '0000-00-00 00:00:00', '0000-00-00 00:00:00', 1, NULL, NULL, NULL),
(550, 6, 5, '2016-07-07 14:28:05', '0000-00-00 00:00:00', '0000-00-00 00:00:00', '0000-00-00 00:00:00', 1, NULL, NULL, NULL),
(551, 1, 5, '2016-07-07 18:17:50', '0000-00-00 00:00:00', '0000-00-00 00:00:00', '0000-00-00 00:00:00', 1, NULL, NULL, NULL),
(552, 6, 5, '2016-07-07 15:26:03', '0000-00-00 00:00:00', '0000-00-00 00:00:00', '0000-00-00 00:00:00', 1, NULL, NULL, NULL),
(553, 1, 5, '2016-07-07 15:42:54', '0000-00-00 00:00:00', '0000-00-00 00:00:00', '0000-00-00 00:00:00', 1, NULL, NULL, NULL),
(554, 6, 5, '2016-07-07 13:20:51', '0000-00-00 00:00:00', '0000-00-00 00:00:00', '0000-00-00 00:00:00', 1, NULL, NULL, NULL),
(555, 1, 5, '2016-07-07 16:16:18', '0000-00-00 00:00:00', '0000-00-00 00:00:00', '0000-00-00 00:00:00', 1, NULL, NULL, NULL),
(556, 6, 5, '2016-07-07 16:18:30', '0000-00-00 00:00:00', '0000-00-00 00:00:00', '0000-00-00 00:00:00', 1, NULL, NULL, NULL),
(557, 1, 5, '2016-07-07 18:32:37', '0000-00-00 00:00:00', '0000-00-00 00:00:00', '0000-00-00 00:00:00', 1, NULL, NULL, NULL),
(558, 6, 5, '2016-07-07 20:05:05', '0000-00-00 00:00:00', '0000-00-00 00:00:00', '0000-00-00 00:00:00', 1, NULL, NULL, NULL),
(559, 1, 5, '2016-07-07 16:30:03', '0000-00-00 00:00:00', '0000-00-00 00:00:00', '0000-00-00 00:00:00', 1, NULL, NULL, NULL),
(560, 6, 5, '2016-07-07 23:55:24', '0000-00-00 00:00:00', '0000-00-00 00:00:00', '0000-00-00 00:00:00', 1, NULL, NULL, NULL),
(561, 1, 5, '2016-07-07 18:09:46', '0000-00-00 00:00:00', '0000-00-00 00:00:00', '0000-00-00 00:00:00', 1, NULL, NULL, NULL),
(562, 6, 5, '2016-07-07 19:34:42', '0000-00-00 00:00:00', '0000-00-00 00:00:00', '0000-00-00 00:00:00', 1, NULL, NULL, NULL),
(563, 1, 5, '2016-07-07 23:27:12', '0000-00-00 00:00:00', '0000-00-00 00:00:00', '0000-00-00 00:00:00', 1, NULL, NULL, NULL),
(564, 6, 3, '2016-07-06 05:36:50', '0000-00-00 00:00:00', '0000-00-00 00:00:00', '0000-00-00 00:00:00', 1, NULL, NULL, NULL),
(565, 1, 3, '2016-07-06 06:32:58', '0000-00-00 00:00:00', '0000-00-00 00:00:00', '0000-00-00 00:00:00', 1, NULL, NULL, NULL),
(566, 5, 3, '2016-07-06 05:30:12', '0000-00-00 00:00:00', '0000-00-00 00:00:00', '0000-00-00 00:00:00', 1, NULL, NULL, NULL),
(567, 1, 3, '2016-07-06 06:58:43', '0000-00-00 00:00:00', '0000-00-00 00:00:00', '0000-00-00 00:00:00', 1, NULL, NULL, NULL),
(568, 6, 3, '2016-07-06 17:31:38', '0000-00-00 00:00:00', '0000-00-00 00:00:00', '0000-00-00 00:00:00', 1, NULL, NULL, NULL);

-- --------------------------------------------------------

--
-- Table structure for table `uso_baterias_montacargas`
--

CREATE TABLE IF NOT EXISTS `uso_baterias_montacargas` (
  `id` int(11) NOT NULL AUTO_INCREMENT,
  `mc` int(11) NOT NULL,
  `bt` int(11) NOT NULL,
  `fecha_entrada` datetime NOT NULL,
  `fecha_salida` datetime NOT NULL,
  `usuario_entrada` int(11) DEFAULT NULL,
  `usuario_salida` int(11) DEFAULT NULL,
  PRIMARY KEY (`id`)
) ENGINE=MyISAM  DEFAULT CHARSET=latin1 AUTO_INCREMENT=314 ;

--
-- Dumping data for table `uso_baterias_montacargas`
--

INSERT INTO `uso_baterias_montacargas` (`id`, `mc`, `bt`, `fecha_entrada`, `fecha_salida`, `usuario_entrada`, `usuario_salida`) VALUES
(1, 3, 5, '2016-06-27 18:33:59', '2016-06-28 01:40:05', 1, NULL),
(2, 3, 1, '2016-06-25 15:50:41', '2016-06-25 15:50:41', 1, 1),
(3, 2, 3, '2016-06-25 15:50:41', '2016-06-25 22:19:55', 1, 1),
(4, 1, 6, '2016-06-25 15:50:41', '2016-06-25 23:39:43', 1, 1),
(5, 3, 1, '2016-06-26 00:14:05', '2016-06-26 06:31:00', 1, NULL),
(6, 3, 5, '2016-06-28 14:23:12', '2016-06-28 20:39:42', 1, NULL),
(7, 2, 5, '2016-06-28 13:10:47', '2016-06-28 20:49:53', 1, NULL),
(8, 2, 5, '2016-06-28 20:00:04', '2016-06-29 05:57:27', 1, NULL),
(9, 3, 2, '2016-06-26 05:13:22', '2016-06-26 12:35:35', 1, NULL),
(10, 1, 5, '2016-06-28 17:42:47', '2016-06-29 02:25:22', 1, NULL),
(11, 3, 5, '2016-06-28 23:44:23', '2016-06-29 06:43:31', 1, NULL),
(12, 3, 5, '2016-06-28 20:54:39', '2016-06-29 06:45:08', 1, NULL),
(13, 1, 3, '2016-06-26 15:40:28', '2016-06-26 23:04:13', 1, NULL),
(14, 2, 5, '2016-06-28 17:28:51', '2016-06-29 00:05:21', 1, NULL),
(15, 1, 1, '2016-06-26 23:54:11', '2016-06-27 07:39:50', 1, NULL),
(16, 2, 5, '2016-06-29 12:27:21', '2016-06-29 20:10:03', 1, NULL),
(17, 2, 2, '2016-06-27 04:47:26', '2016-06-27 14:01:58', 1, NULL),
(18, 3, 5, '2016-06-29 14:50:53', '2016-06-29 22:46:45', 1, NULL),
(19, 3, 5, '2016-06-30 00:28:21', '2016-06-30 07:16:55', 1, NULL),
(20, 2, 3, '2016-06-27 17:14:03', '2016-06-28 01:27:48', 1, NULL),
(21, 3, 3, '2016-06-27 17:35:40', '2016-06-28 02:04:36', 1, NULL),
(22, 2, 1, '2016-06-28 00:35:22', '2016-06-28 08:01:53', 1, NULL),
(23, 3, 5, '2016-06-30 10:14:04', '2016-06-30 18:24:34', 1, NULL),
(24, 1, 1, '2016-06-27 23:01:58', '2016-06-28 08:59:24', 1, NULL),
(25, 3, 2, '2016-06-28 03:50:00', '2016-06-28 10:51:21', 1, NULL),
(26, 2, 5, '2016-06-30 13:55:40', '2016-06-30 21:42:15', 1, NULL),
(27, 1, 5, '2016-06-30 16:35:02', '2016-07-01 00:35:02', 1, NULL),
(28, 3, 5, '2016-06-30 15:04:21', '2016-07-01 00:32:21', 1, NULL),
(29, 2, 5, '2016-06-30 23:42:31', '2016-07-01 08:31:31', 1, NULL),
(30, 3, 3, '2016-06-28 15:43:04', '2016-06-29 00:20:41', 1, NULL),
(31, 1, 3, '2016-06-28 17:47:03', '2016-06-29 01:27:19', 1, NULL),
(32, 1, 3, '2016-06-28 19:15:32', '2016-06-29 04:54:58', 1, NULL),
(33, 1, 1, '2016-06-29 00:19:59', '2016-06-29 09:31:51', 1, NULL),
(34, 3, 5, '2016-07-01 10:16:59', '2016-07-01 18:14:00', 1, NULL),
(35, 1, 5, '2016-07-01 15:01:54', '2016-07-01 23:21:52', 1, NULL),
(36, 3, 5, '2016-07-01 14:34:21', '2016-07-01 22:52:24', 1, NULL),
(37, 1, 3, '2016-06-29 15:55:25', '2016-06-29 22:15:44', 1, NULL),
(38, 1, 3, '2016-06-29 13:52:23', '2016-06-29 19:55:53', 1, NULL),
(39, 3, 3, '2016-06-29 22:00:36', '2016-06-30 05:01:36', 1, NULL),
(40, 2, 3, '2016-06-29 21:36:07', '2016-06-30 04:05:09', 1, NULL),
(41, 2, 3, '2016-06-29 21:47:04', '2016-06-30 06:00:55', 1, NULL),
(42, 1, 1, '2016-06-30 03:50:09', '2016-06-30 09:50:28', 1, NULL),
(43, 3, 5, '2016-07-02 10:31:54', '2016-07-02 16:39:52', 1, NULL),
(44, 3, 5, '2016-07-02 12:46:36', '2016-07-02 22:37:08', 1, NULL),
(45, 2, 5, '2016-07-02 10:50:30', '2016-07-02 18:01:32', 1, NULL),
(46, 1, 3, '2016-06-30 15:28:27', '2016-07-01 00:55:18', 1, NULL),
(47, 2, 3, '2016-07-01 01:11:37', '2016-07-01 08:54:46', 1, NULL),
(48, 3, 3, '2016-06-30 23:15:52', '2016-07-01 07:57:26', 1, NULL),
(49, 1, 3, '2016-06-30 20:18:42', '2016-07-01 06:12:13', 1, NULL),
(50, 1, 3, '2016-06-30 21:54:08', '2016-07-01 06:29:43', 1, NULL),
(51, 1, 1, '2016-07-01 04:03:45', '2016-07-01 12:25:32', 1, NULL),
(52, 3, 1, '2016-07-01 04:08:50', '2016-07-01 12:55:04', 1, NULL),
(53, 2, 5, '2016-07-03 10:13:19', '2016-07-03 17:07:11', 1, NULL),
(54, 1, 1, '2016-07-01 03:09:07', '2016-07-01 11:59:50', 1, NULL),
(55, 1, 1, '2016-07-01 01:58:12', '2016-07-01 08:18:19', 1, NULL),
(56, 2, 5, '2016-07-03 08:50:36', '2016-07-03 17:14:51', 1, NULL),
(57, 1, 1, '2016-07-01 00:09:51', '2016-07-01 08:44:09', 1, NULL),
(58, 2, 5, '2016-07-03 09:44:16', '2016-07-03 15:47:58', 1, NULL),
(59, 2, 5, '2016-07-03 12:40:04', '2016-07-03 21:50:39', 1, NULL),
(60, 1, 5, '2016-07-03 10:14:21', '2016-07-03 17:00:12', 1, NULL),
(61, 1, 5, '2016-07-03 11:30:21', '2016-07-03 18:50:58', 1, NULL),
(62, 3, 1, '2016-07-01 04:07:58', '2016-07-01 11:39:04', 1, NULL),
(63, 3, 5, '2016-07-03 05:54:22', '2016-07-03 15:09:39', 1, NULL),
(64, 3, 5, '2016-07-03 05:40:24', '2016-07-03 12:36:40', 1, NULL),
(65, 2, 5, '2016-07-03 13:05:20', '2016-07-03 21:05:51', 1, NULL),
(66, 2, 5, '2016-07-03 13:13:25', '2016-07-03 20:28:51', 1, NULL),
(67, 3, 3, '2016-07-02 04:17:53', '2016-07-02 12:34:04', 1, NULL),
(68, 2, 3, '2016-07-01 19:35:27', '2016-07-02 03:51:02', 1, NULL),
(69, 2, 3, '2016-07-01 19:55:28', '2016-07-02 04:42:23', 1, NULL),
(70, 2, 3, '2016-07-01 20:55:34', '2016-07-02 03:50:32', 1, NULL),
(71, 3, 3, '2016-07-02 00:07:55', '2016-07-02 10:07:21', 1, NULL),
(72, 2, 3, '2016-07-02 00:26:44', '2016-07-02 07:02:37', 1, NULL),
(73, 3, 3, '2016-07-01 18:23:50', '2016-07-02 01:05:17', 1, NULL),
(74, 2, 1, '2016-07-02 02:09:48', '2016-07-02 11:51:20', 1, NULL),
(75, 1, 1, '2016-07-02 04:14:22', '2016-07-02 12:15:21', 1, NULL),
(76, 3, 1, '2016-07-02 01:31:04', '2016-07-02 11:04:21', 1, NULL),
(77, 1, 1, '2016-07-02 06:54:59', '2016-07-02 16:21:17', 1, NULL),
(78, 2, 1, '2016-07-02 05:01:05', '2016-07-02 12:32:21', 1, NULL),
(79, 3, 1, '2016-07-02 06:04:34', '2016-07-02 12:28:46', 1, NULL),
(80, 2, 5, '2016-07-04 13:03:45', '2016-07-04 20:42:51', 1, NULL),
(81, 2, 5, '2016-07-04 13:15:34', '2016-07-04 20:20:41', 1, NULL),
(82, 1, 1, '2016-07-02 02:49:33', '2016-07-02 12:41:14', 1, NULL),
(83, 2, 1, '2016-07-02 03:17:52', '2016-07-02 12:43:54', 1, NULL),
(84, 2, 1, '2016-07-02 03:46:28', '2016-07-02 12:26:08', 1, NULL),
(85, 3, 1, '2016-07-01 23:05:38', '2016-07-02 05:27:36', 1, NULL),
(86, 1, 1, '2016-07-02 03:03:12', '2016-07-02 11:25:38', 1, NULL),
(87, 3, 1, '2016-07-02 04:11:09', '2016-07-02 10:24:24', 1, NULL),
(88, 1, 5, '2016-07-04 05:38:35', '2016-07-04 15:24:57', 1, NULL),
(89, 3, 5, '2016-07-04 11:25:28', '2016-07-04 17:51:00', 1, NULL),
(90, 2, 1, '2016-07-01 23:20:26', '2016-07-02 06:35:20', 1, NULL),
(91, 2, 1, '2016-07-01 23:45:45', '2016-07-02 07:24:43', 1, NULL),
(92, 3, 1, '2016-07-01 22:03:03', '2016-07-02 06:13:26', 1, NULL),
(93, 3, 1, '2016-07-01 23:29:36', '2016-07-02 08:06:10', 1, NULL),
(94, 1, 5, '2016-07-04 11:48:02', '2016-07-04 19:27:41', 1, NULL),
(95, 2, 5, '2016-07-04 13:01:10', '2016-07-04 20:02:39', 1, NULL),
(96, 3, 5, '2016-07-04 12:47:29', '2016-07-04 19:44:47', 1, NULL),
(97, 1, 1, '2016-07-02 05:09:15', '2016-07-02 14:10:48', 1, NULL),
(98, 2, 5, '2016-07-04 10:08:23', '2016-07-04 18:27:20', 1, NULL),
(99, 1, 5, '2016-07-04 08:47:09', '2016-07-04 17:02:34', 1, NULL),
(100, 1, 5, '2016-07-04 09:49:17', '2016-07-04 15:52:17', 1, NULL),
(101, 2, 3, '2016-07-03 01:46:03', '2016-07-03 09:35:44', 1, NULL),
(102, 3, 3, '2016-07-03 07:39:30', '2016-07-03 14:17:38', 1, NULL),
(103, 3, 3, '2016-07-03 07:30:13', '2016-07-03 16:57:33', 1, NULL),
(104, 1, 3, '2016-07-03 00:05:10', '2016-07-03 09:06:33', 1, NULL),
(105, 2, 3, '2016-07-02 21:44:35', '2016-07-03 04:54:29', 1, NULL),
(106, 3, 3, '2016-07-02 18:03:24', '2016-07-03 00:58:15', 1, NULL),
(107, 1, 3, '2016-07-02 16:37:29', '2016-07-03 00:02:35', 1, NULL),
(108, 3, 3, '2016-07-02 21:30:41', '2016-07-03 04:32:02', 1, NULL),
(109, 1, 3, '2016-07-02 23:53:43', '2016-07-03 08:44:52', 1, NULL),
(110, 1, 3, '2016-07-02 21:59:10', '2016-07-03 06:38:02', 1, NULL),
(111, 3, 3, '2016-07-02 21:17:08', '2016-07-03 06:40:41', 1, NULL),
(112, 2, 3, '2016-07-03 00:10:24', '2016-07-03 08:31:06', 1, NULL),
(113, 2, 3, '2016-07-02 23:24:12', '2016-07-03 08:54:14', 1, NULL),
(114, 1, 3, '2016-07-02 20:56:04', '2016-07-03 06:49:54', 1, NULL),
(115, 3, 1, '2016-07-03 00:57:07', '2016-07-03 09:07:31', 1, NULL),
(116, 1, 1, '2016-07-03 09:59:41', '2016-07-03 16:11:44', 1, NULL),
(117, 2, 1, '2016-07-03 06:54:32', '2016-07-03 15:16:49', 1, NULL),
(118, 1, 1, '2016-07-03 08:51:55', '2016-07-03 17:03:55', 1, NULL),
(119, 2, 1, '2016-07-03 07:42:24', '2016-07-03 15:50:49', 1, NULL),
(120, 1, 5, '2016-07-05 16:15:38', '2016-07-05 22:31:00', 1, NULL),
(121, 3, 5, '2016-07-05 16:35:40', '2016-07-05 23:45:14', 1, NULL),
(122, 3, 5, '2016-07-05 14:17:01', '2016-07-05 22:43:15', 1, NULL),
(123, 3, 5, '2016-07-05 11:23:28', '2016-07-05 18:14:29', 1, NULL),
(124, 1, 1, '2016-07-03 05:34:22', '2016-07-03 14:32:16', 1, NULL),
(125, 2, 1, '2016-07-03 06:01:02', '2016-07-03 14:18:44', 1, NULL),
(126, 3, 1, '2016-07-03 01:08:57', '2016-07-03 08:18:02', 1, NULL),
(127, 2, 1, '2016-07-03 00:29:35', '2016-07-03 09:40:26', 1, NULL),
(128, 1, 1, '2016-07-02 22:33:53', '2016-07-03 08:01:29', 1, NULL),
(129, 2, 5, '2016-07-05 01:56:56', '2016-07-05 08:01:26', 1, NULL),
(130, 3, 5, '2016-07-05 02:16:15', '2016-07-05 10:41:51', 1, NULL),
(131, 1, 5, '2016-07-05 09:44:58', '2016-07-05 16:45:00', 1, NULL),
(132, 2, 1, '2016-07-03 00:27:42', '2016-07-03 06:40:21', 1, NULL),
(133, 2, 1, '2016-07-02 23:10:41', '2016-07-03 07:58:31', 1, NULL),
(134, 1, 1, '2016-07-02 21:43:33', '2016-07-03 07:01:47', 1, NULL),
(135, 2, 1, '2016-07-03 00:38:08', '2016-07-03 08:58:00', 1, NULL),
(136, 1, 1, '2016-07-02 23:27:42', '2016-07-03 06:10:01', 1, NULL),
(137, 2, 1, '2016-07-02 23:23:07', '2016-07-03 07:34:48', 1, NULL),
(138, 2, 5, '2016-07-05 11:00:33', '2016-07-05 17:04:04', 1, NULL),
(139, 1, 5, '2016-07-05 09:09:02', '2016-07-05 18:05:58', 1, NULL),
(140, 3, 5, '2016-07-05 10:41:09', '2016-07-05 18:11:32', 1, NULL),
(141, 1, 5, '2016-07-05 09:59:34', '2016-07-05 17:09:09', 1, NULL),
(142, 2, 5, '2016-07-05 09:10:24', '2016-07-05 15:29:11', 1, NULL),
(143, 2, 5, '2016-07-05 13:38:08', '2016-07-05 19:43:04', 1, NULL),
(144, 1, 5, '2016-07-05 10:01:42', '2016-07-05 18:07:09', 1, NULL),
(145, 2, 5, '2016-07-05 08:55:52', '2016-07-05 15:00:05', 1, NULL),
(146, 3, 5, '2016-07-05 09:09:13', '2016-07-05 15:45:10', 1, NULL),
(147, 2, 5, '2016-07-05 11:00:44', '2016-07-05 17:44:44', 1, NULL),
(148, 3, 5, '2016-07-05 12:01:08', '2016-07-05 18:39:14', 1, NULL),
(149, 3, 5, '2016-07-05 10:07:21', '2016-07-05 19:55:01', 1, NULL),
(150, 1, 5, '2016-07-05 11:25:30', '2016-07-05 19:39:12', 1, NULL),
(151, 2, 5, '2016-07-05 12:01:06', '2016-07-05 18:11:57', 1, NULL),
(152, 1, 3, '2016-07-03 20:22:24', '2016-07-04 04:17:27', 1, NULL),
(153, 2, 3, '2016-07-04 02:54:17', '2016-07-04 11:02:26', 1, NULL),
(154, 2, 3, '2016-07-04 09:41:04', '2016-07-04 15:41:34', 1, NULL),
(155, 3, 3, '2016-07-04 08:15:54', '2016-07-04 16:57:21', 1, NULL),
(156, 1, 3, '2016-07-04 09:29:46', '2016-07-04 17:06:54', 1, NULL),
(157, 1, 3, '2016-07-04 07:00:21', '2016-07-04 16:05:21', 1, NULL),
(158, 3, 3, '2016-07-04 06:47:01', '2016-07-04 13:14:21', 1, NULL),
(159, 3, 3, '2016-07-03 23:38:43', '2016-07-04 06:33:41', 1, NULL),
(160, 1, 3, '2016-07-03 17:04:30', '2016-07-04 01:19:44', 1, NULL),
(161, 1, 3, '2016-07-03 17:42:02', '2016-07-04 03:08:42', 1, NULL),
(162, 2, 3, '2016-07-03 22:45:11', '2016-07-04 06:48:20', 1, NULL),
(163, 3, 3, '2016-07-03 19:35:20', '2016-07-04 05:00:56', 1, NULL),
(164, 2, 3, '2016-07-03 22:50:02', '2016-07-04 07:10:02', 1, NULL),
(165, 1, 3, '2016-07-04 00:42:49', '2016-07-04 07:42:49', 1, NULL),
(166, 1, 3, '2016-07-04 03:09:29', '2016-07-04 10:50:20', 1, NULL),
(167, 2, 3, '2016-07-03 22:45:10', '2016-07-04 07:58:29', 1, NULL),
(168, 3, 3, '2016-07-03 22:05:59', '2016-07-04 07:23:55', 1, NULL),
(169, 3, 3, '2016-07-03 20:56:09', '2016-07-04 04:05:44', 1, NULL),
(170, 2, 3, '2016-07-03 20:44:53', '2016-07-04 03:05:38', 1, NULL),
(171, 2, 3, '2016-07-03 20:31:31', '2016-07-04 03:44:35', 1, NULL),
(172, 2, 3, '2016-07-03 21:45:53', '2016-07-04 04:19:04', 1, NULL),
(173, 1, 3, '2016-07-04 00:37:45', '2016-07-04 07:27:13', 1, NULL),
(174, 2, 3, '2016-07-03 18:49:19', '2016-07-04 03:01:06', 1, NULL),
(175, 3, 3, '2016-07-03 20:53:33', '2016-07-04 06:10:01', 1, NULL),
(176, 2, 1, '2016-07-04 01:37:54', '2016-07-04 07:51:44', 1, NULL),
(177, 1, 1, '2016-07-04 01:11:20', '2016-07-04 09:50:44', 1, NULL),
(178, 2, 1, '2016-07-04 09:39:20', '2016-07-04 19:09:37', 1, NULL),
(179, 1, 1, '2016-07-04 08:33:13', '2016-07-04 16:53:35', 1, NULL),
(180, 3, 1, '2016-07-04 09:04:26', '2016-07-04 16:23:04', 1, NULL),
(181, 2, 1, '2016-07-04 05:43:13', '2016-07-04 15:22:57', 1, NULL),
(182, 3, 1, '2016-07-04 06:09:26', '2016-07-04 12:19:33', 1, NULL),
(183, 1, 1, '2016-07-04 05:52:49', '2016-07-04 13:16:57', 1, NULL),
(184, 1, 5, '2016-07-06 11:36:54', '2016-07-06 20:29:19', 1, NULL),
(185, 2, 5, '2016-07-06 15:23:13', '2016-07-07 00:20:11', 1, NULL),
(186, 2, 5, '2016-07-06 18:01:00', '2016-07-07 03:49:04', 1, NULL),
(187, 1, 5, '2016-07-06 12:56:06', '2016-07-06 22:02:46', 1, NULL),
(188, 2, 1, '2016-07-04 08:44:48', '2016-07-04 15:32:24', 1, NULL),
(189, 3, 5, '2016-07-06 09:19:18', '2016-07-06 15:32:28', 1, NULL),
(190, 2, 1, '2016-07-04 00:24:40', '2016-07-04 10:18:19', 1, NULL),
(191, 1, 1, '2016-07-04 04:54:59', '2016-07-04 10:57:24', 1, NULL),
(192, 1, 1, '2016-07-03 19:08:07', '2016-07-04 02:51:13', 1, NULL),
(193, 3, 1, '2016-07-03 23:18:14', '2016-07-04 07:08:23', 1, NULL),
(194, 2, 5, '2016-07-06 00:52:50', '2016-07-06 09:14:46', 1, NULL),
(195, 3, 5, '2016-07-06 01:22:33', '2016-07-06 10:13:15', 1, NULL),
(196, 2, 1, '2016-07-04 01:27:25', '2016-07-04 08:32:03', 1, NULL),
(197, 3, 1, '2016-07-03 21:51:18', '2016-07-04 05:51:46', 1, NULL),
(198, 1, 1, '2016-07-03 19:19:33', '2016-07-04 02:26:26', 1, NULL),
(199, 3, 1, '2016-07-03 23:25:11', '2016-07-04 08:14:20', 1, NULL),
(200, 3, 1, '2016-07-03 23:26:17', '2016-07-04 08:42:02', 1, NULL),
(201, 2, 1, '2016-07-03 21:00:06', '2016-07-04 05:00:09', 1, NULL),
(202, 3, 5, '2016-07-06 11:48:26', '2016-07-06 18:23:29', 1, NULL),
(203, 1, 5, '2016-07-06 11:40:01', '2016-07-06 19:45:04', 1, NULL),
(204, 3, 5, '2016-07-06 04:30:09', '2016-07-06 12:16:41', 1, NULL),
(205, 2, 5, '2016-07-06 09:50:55', '2016-07-06 18:04:56', 1, NULL),
(206, 1, 5, '2016-07-06 07:02:44', '2016-07-06 14:08:54', 1, NULL),
(207, 2, 5, '2016-07-06 14:36:17', '2016-07-06 22:06:00', 1, NULL),
(208, 1, 5, '2016-07-06 09:44:25', '2016-07-06 16:13:30', 1, NULL),
(209, 3, 5, '2016-07-06 13:07:41', '2016-07-06 22:31:22', 1, NULL),
(210, 3, 5, '2016-07-06 09:46:59', '2016-07-06 18:01:12', 1, NULL),
(211, 2, 5, '2016-07-06 09:12:05', '2016-07-06 18:41:29', 1, NULL),
(212, 1, 5, '2016-07-06 05:41:01', '2016-07-06 14:01:44', 1, NULL),
(213, 2, 5, '2016-07-06 12:47:03', '2016-07-06 20:02:59', 1, NULL),
(214, 1, 5, '2016-07-06 07:46:09', '2016-07-06 16:33:41', 1, NULL),
(215, 2, 5, '2016-07-06 08:02:21', '2016-07-06 14:12:09', 1, NULL),
(216, 2, 5, '2016-07-06 07:59:21', '2016-07-06 16:32:42', 1, NULL),
(217, 1, 5, '2016-07-06 09:15:22', '2016-07-06 18:49:39', 1, NULL),
(218, 3, 5, '2016-07-06 12:16:18', '2016-07-06 21:28:54', 1, NULL),
(219, 2, 5, '2016-07-06 11:14:47', '2016-07-06 18:23:50', 1, NULL),
(220, 1, 5, '2016-07-06 13:35:15', '2016-07-06 20:19:32', 1, NULL),
(221, 2, 5, '2016-07-06 12:00:59', '2016-07-06 19:24:18', 1, NULL),
(222, 2, 3, '2016-07-05 00:57:27', '2016-07-05 10:00:26', 1, NULL),
(223, 1, 3, '2016-07-04 20:09:34', '2016-07-05 04:37:08', 1, NULL),
(224, 3, 3, '2016-07-04 22:40:47', '2016-07-05 07:03:56', 1, NULL),
(225, 2, 3, '2016-07-05 01:02:28', '2016-07-05 10:00:25', 1, NULL),
(226, 3, 3, '2016-07-05 09:14:24', '2016-07-05 15:22:15', 1, NULL),
(227, 3, 3, '2016-07-05 10:21:34', '2016-07-05 17:00:27', 1, NULL),
(228, 2, 3, '2016-07-05 11:40:30', '2016-07-05 20:22:07', 1, NULL),
(229, 1, 3, '2016-07-05 06:04:05', '2016-07-05 14:48:36', 1, NULL),
(230, 1, 3, '2016-07-05 09:41:21', '2016-07-05 19:42:15', 1, NULL),
(231, 3, 3, '2016-07-04 22:55:10', '2016-07-05 06:28:50', 1, NULL),
(232, 1, 3, '2016-07-04 13:59:34', '2016-07-04 23:42:05', 1, NULL),
(233, 2, 3, '2016-07-04 17:57:45', '2016-07-05 02:55:00', 1, NULL),
(234, 3, 3, '2016-07-04 21:33:27', '2016-07-05 05:14:22', 1, NULL),
(235, 2, 3, '2016-07-04 18:23:51', '2016-07-05 01:30:40', 1, NULL),
(236, 1, 3, '2016-07-05 00:47:54', '2016-07-05 07:58:10', 1, NULL),
(237, 3, 3, '2016-07-04 20:03:49', '2016-07-05 03:27:47', 1, NULL),
(238, 2, 3, '2016-07-04 21:06:24', '2016-07-05 05:29:32', 1, NULL),
(239, 3, 3, '2016-07-04 23:59:36', '2016-07-05 06:42:23', 1, NULL),
(240, 3, 3, '2016-07-04 22:29:39', '2016-07-05 07:29:48', 1, NULL),
(241, 1, 3, '2016-07-05 03:37:11', '2016-07-05 13:23:42', 1, NULL),
(242, 2, 3, '2016-07-04 22:44:46', '2016-07-05 07:15:46', 1, NULL),
(243, 1, 3, '2016-07-04 19:00:16', '2016-07-05 03:37:30', 1, NULL),
(244, 3, 3, '2016-07-04 21:41:04', '2016-07-05 06:25:18', 1, NULL),
(245, 1, 3, '2016-07-04 21:28:36', '2016-07-05 04:32:08', 1, NULL),
(246, 2, 3, '2016-07-05 01:18:14', '2016-07-05 08:24:18', 1, NULL),
(247, 3, 3, '2016-07-04 19:55:52', '2016-07-05 03:45:44', 1, NULL),
(248, 2, 3, '2016-07-04 16:48:04', '2016-07-05 01:14:57', 1, NULL),
(249, 3, 1, '2016-07-05 00:36:13', '2016-07-05 09:49:22', 1, NULL),
(250, 1, 1, '2016-07-05 02:07:27', '2016-07-05 09:12:30', 1, NULL),
(251, 2, 1, '2016-07-04 23:38:16', '2016-07-05 08:05:00', 1, NULL),
(252, 1, 1, '2016-07-05 02:51:14', '2016-07-05 09:00:54', 1, NULL),
(253, 3, 1, '2016-07-05 10:11:17', '2016-07-05 19:13:17', 1, NULL),
(254, 3, 1, '2016-07-05 05:39:44', '2016-07-05 15:17:42', 1, NULL),
(255, 1, 1, '2016-07-05 13:12:40', '2016-07-05 19:58:10', 1, NULL),
(256, 2, 1, '2016-07-05 04:30:53', '2016-07-05 12:44:22', 1, NULL),
(257, 1, 1, '2016-07-05 07:50:49', '2016-07-05 17:25:27', 1, NULL),
(258, 3, 1, '2016-07-05 05:50:37', '2016-07-05 13:10:29', 1, NULL),
(259, 2, 5, '2016-07-07 13:18:04', '2016-07-07 20:53:33', 1, NULL),
(260, 3, 5, '2016-07-07 13:54:25', '2016-07-07 23:41:25', 1, NULL),
(261, 1, 5, '2016-07-07 15:27:02', '2016-07-07 22:19:51', 1, NULL),
(262, 2, 5, '2016-07-07 14:58:20', '2016-07-07 23:17:41', 1, NULL),
(263, 1, 5, '2016-07-07 07:20:21', '2016-07-07 13:39:34', 1, NULL),
(264, 2, 1, '2016-07-05 00:33:12', '2016-07-05 06:46:24', 1, NULL),
(265, 1, 1, '2016-07-05 04:09:39', '2016-07-05 10:10:51', 1, NULL),
(266, 2, 1, '2016-07-04 16:21:57', '2016-07-05 02:17:19', 1, NULL),
(267, 1, 1, '2016-07-04 14:40:30', '2016-07-04 21:36:34', 1, NULL),
(268, 3, 5, '2016-07-07 00:11:57', '2016-07-07 08:58:00', 1, NULL),
(269, 2, 5, '2016-07-07 02:43:54', '2016-07-07 10:17:02', 1, NULL),
(270, 3, 1, '2016-07-05 00:47:44', '2016-07-05 09:05:15', 1, NULL),
(271, 1, 1, '2016-07-05 00:38:32', '2016-07-05 07:45:04', 1, NULL),
(272, 2, 1, '2016-07-05 02:39:44', '2016-07-05 10:54:16', 1, NULL),
(273, 3, 1, '2016-07-04 22:17:37', '2016-07-05 04:40:23', 1, NULL),
(274, 1, 1, '2016-07-04 21:59:01', '2016-07-05 06:51:55', 1, NULL),
(275, 3, 1, '2016-07-04 19:55:25', '2016-07-05 03:24:14', 1, NULL),
(276, 1, 1, '2016-07-04 23:19:54', '2016-07-05 06:44:04', 1, NULL),
(277, 3, 1, '2016-07-04 19:44:01', '2016-07-05 02:00:11', 1, NULL),
(278, 2, 5, '2016-07-07 08:24:11', '2016-07-07 15:23:08', 1, NULL),
(279, 3, 5, '2016-07-07 12:09:45', '2016-07-07 18:43:39', 1, NULL),
(280, 2, 5, '2016-07-07 10:59:12', '2016-07-07 17:26:24', 1, NULL),
(281, 3, 5, '2016-07-07 11:56:41', '2016-07-07 19:09:56', 1, NULL),
(282, 1, 5, '2016-07-07 09:45:48', '2016-07-07 17:26:31', 1, NULL),
(283, 3, 5, '2016-07-07 08:27:44', '2016-07-07 16:49:11', 1, NULL),
(284, 2, 5, '2016-07-07 09:03:47', '2016-07-07 16:15:04', 1, NULL),
(285, 1, 5, '2016-07-07 14:57:47', '2016-07-08 00:56:39', 1, NULL),
(286, 3, 5, '2016-07-07 18:21:02', '2016-07-08 00:25:00', 1, NULL),
(287, 2, 5, '2016-07-07 12:41:16', '2016-07-07 19:46:22', 1, NULL),
(288, 3, 5, '2016-07-07 16:22:31', '2016-07-08 02:03:37', 1, NULL),
(289, 1, 5, '2016-07-07 16:29:11', '2016-07-08 00:31:20', 1, NULL),
(290, 2, 5, '2016-07-07 07:53:25', '2016-07-07 14:21:33', 1, NULL),
(291, 1, 5, '2016-07-07 07:04:53', '2016-07-07 15:24:35', 1, NULL),
(292, 1, 5, '2016-07-07 11:08:47', '2016-07-07 20:50:05', 1, NULL),
(293, 3, 5, '2016-07-07 06:32:08', '2016-07-07 16:01:04', 1, NULL),
(294, 1, 5, '2016-07-07 08:24:11', '2016-07-07 14:35:53', 1, NULL),
(295, 3, 5, '2016-07-07 09:18:20', '2016-07-07 15:45:50', 1, NULL),
(296, 2, 5, '2016-07-07 09:30:28', '2016-07-07 19:07:18', 1, NULL),
(297, 1, 5, '2016-07-07 04:56:01', '2016-07-07 13:30:57', 1, NULL),
(298, 2, 5, '2016-07-07 10:03:18', '2016-07-07 16:08:20', 1, NULL),
(299, 1, 5, '2016-07-07 08:06:43', '2016-07-07 16:12:12', 1, NULL),
(300, 2, 5, '2016-07-07 08:50:19', '2016-07-07 15:36:42', 1, NULL),
(301, 3, 5, '2016-07-07 13:06:50', '2016-07-07 20:16:56', 1, NULL),
(302, 3, 5, '2016-07-07 08:17:04', '2016-07-07 15:35:21', 1, NULL),
(303, 2, 5, '2016-07-07 17:23:26', '2016-07-08 02:49:26', 1, NULL),
(304, 1, 5, '2016-07-07 11:32:25', '2016-07-07 19:00:45', 1, NULL),
(305, 3, 5, '2016-07-07 13:10:25', '2016-07-07 21:12:13', 1, NULL),
(306, 3, 5, '2016-07-07 14:53:46', '2016-07-07 21:14:06', 1, NULL),
(307, 1, 3, '2016-07-05 22:59:17', '2016-07-06 06:28:24', 1, NULL),
(308, 3, 3, '2016-07-05 20:57:32', '2016-07-06 04:52:30', 1, NULL),
(309, 2, 3, '2016-07-05 19:59:28', '2016-07-06 04:16:23', 1, NULL),
(310, 2, 3, '2016-07-05 23:46:50', '2016-07-06 08:30:11', 1, NULL),
(311, 1, 3, '2016-07-06 10:10:04', '2016-07-06 17:26:57', 1, NULL),
(312, 2, 3, '2016-07-06 12:33:18', '0000-00-00 00:00:00', 1, NULL),
(313, 1, 3, '2016-07-06 11:55:53', '0000-00-00 00:00:00', 1, NULL);

/*!40101 SET CHARACTER_SET_CLIENT=@OLD_CHARACTER_SET_CLIENT */;
/*!40101 SET CHARACTER_SET_RESULTS=@OLD_CHARACTER_SET_RESULTS */;
/*!40101 SET COLLATION_CONNECTION=@OLD_COLLATION_CONNECTION */;
